canonical_product_id,canonical_sku,catalog_unified_id,sku,name,brand_part_number,normalized,source_vendor
91071,CP-091072,276,07060122,Fuel Line - EFI - Dyna/Touring,T02-0090,T020090,PU
91071,CP-091072,91757,VT-35-0739,EFI Fuel Line,0706-0122,07060122,VTWIN
91312,CP-091313,526,09350178,Starter Oil Deflector O-ring - 10 Pack,C9451,C9451,PU
91312,CP-091313,1486,DS173508,Rocker Arm Shaft Upper O-Ring - Oversized - '57-'85 Sportster/'66-'84 Shovelhead,JGI-11101-X,JGI11101X,PU
91312,CP-091313,3612,DS174290,Rocker Arm Shaft Lower and Upper Pushrod O-Ring - '57-'85 Sportster/'66-'84 Shovelhead,JGI-11101,JGI11101,PU
92054,CP-092055,1301,21201425,Female Connector - ECM - Female - 18-Position - Black,NHD-72664-12A,NHD7266412A,PU
92054,CP-092055,58852,WPS-850-08160,18-PIN FML CONN W/TRMNLS ECM HD72664-12 ECM CONN 12-UP FX,NHD-72664-12,NHD7266412,WPS
92196,CP-092197,1457,DS173323,Complete Motor Gasket Kit - '70-'84 Shovelhead,JGI-17029-70-A,JGI1702970A,PU
92196,CP-092197,3587,DS173239,Complete Motor Gasket Kit - 4 Speed - '66-'84 Shovelhead,JGI-17029-70,JGI1702970,PU
92196,CP-092197,85178,VT-15-0803,Engine Gasket Kit,JGI-17029-70-A,JGI1702970A,VTWIN
92196,CP-092197,85179,VT-15-0804,Engine Gasket Kit,JGI-17029-70,JGI1702970,VTWIN
92207,CP-092208,1468,DS173430,Drain Plug/Oil Pump Cap O-Ring - 25 Pack,JGI-11105-X,JGI11105X,PU
92207,CP-092208,1500,DS174334,Drain Plug/Oil Screen Pump Cap O-ring - 25 Pack,JGI-11105,JGI11105,PU
92207,CP-092208,5622,09350186,Drain Plug O-Ring - M8/Big Twin - 10 Pack,C9435,C9435,PU
92207,CP-092208,84577,VT-14-0503,Oil Pump Cap and Drain Plug O-Rings,71235,71235,VTWIN
92224,CP-092225,1485,DS174110,Front/Rear Cylinder Base Gasket - 1000cc - '72-'85 Sportster,JGI-16774-72,JGI1677472,PU
92224,CP-092225,85269,VT-15-0983,James Cylinder Base Gasket,JGI-16774-72,JGI1677472,VTWIN
92224,CP-092225,84856,VT-15-0106,V-Twin Cylinder Base Gaskets,72143,72143,VTWIN
92235,CP-092236,1496,DS174270,Tappet Guide Block O-Ring - '57-'85 Sportster,JGI-11100,JGI11100,PU
92235,CP-092236,84574,VT-14-0500,V-Twin Tappet Block O-Ring,17-0162,170162,VTWIN
92288,CP-092289,3683,DS174359,Lower Rocker Cover - '86-'90 Sportster,JGI-17353-86-A,JGI1735386A,PU
92288,CP-092289,1549,DS174483,Lower Rocker Cover Gasket - Cork - '86-'03 Sportster,JGI-17353-86,JGI1735386,PU
92288,CP-092289,85276,VT-15-0991,James Lower Rocker Box Gasket,JGI-17353-86,JGI1735386,VTWIN
92310,CP-092311,3673,DS174913,"Head Gasket - Teflon® - Blue PTFE - 1000cc - .045"" - '73-'85 Sportster",JGI-16769-73-T,JGI1676973T,PU
92310,CP-092311,2332,09344709,"Head Gasket - .032"" - Late '73-'85 XL",C9565-2,C95652,PU
92310,CP-092311,1571,DS174800,"Head Gasket - Copper - 1000cc - .016"" - '73-'85 Sportster",JGI-16769-73,JGI1676973,PU
92310,CP-092311,84852,VT-15-0102,V-Twin Cylinder Head Gaskets Copper,S410195001007,S410195001007,VTWIN
92310,CP-092311,85355,VT-15-1130,James Cylinder Head Gasket,JGI-16769-73-T,JGI1676973T,VTWIN
92310,CP-092311,85265,VT-15-0974,James Cylinder Head Gasket Copper,JGI-16769-73,JGI1676973,VTWIN
92415,CP-092416,4502,DS194201,Oil Pump Bushing/Gasket Kit,17-0126,170126,PU
92415,CP-092416,1677,DS194202,Oil Pump Bushing/Gasket Kit,17-0129,170129,PU
92415,CP-092416,84526,VT-14-0125,V-Twin Clutch Rod Oil Seal,17-0129,170129,VTWIN
92805,CP-092806,5291,DS223471,Clutch Friction Plates - '98-'17 Big Twin,3023020013,3023020013,PU
92805,CP-092806,2108,DS223353,Clutch Friction Plates,3023010013,3023010013,PU
92805,CP-092806,63567,VT-18-3694,Barnett Carbon Fiber Clutch Kit,302-30-20013,3023020013,VTWIN
92805,CP-092806,86795,VT-18-3250,Barnett Clutch Plate Set Friction,302-30-10013,3023010013,VTWIN
93022,CP-093023,2328,09344710,"Head Gasket - .043"" - Late '73-'85 XL",C9566-2,C95662,PU
93022,CP-093023,6635,09344708,"Head Gasket - .032"" - '72-Early '73 XL",C9564-2,C95642,PU
93581,CP-093582,2937,DS195086,Generator Armature 12V - Harley Davidson,30851-65A-BXLB1,3085165ABXLB1,PU
93581,CP-093582,90139,VT-32-0222,Generator 12 Volt 2-Brush Armature,30851-65A,3085165A,VTWIN
93626,CP-093627,3000,DS750606,"Cylinder - Rear - 74"" - 1948-1965 Panhead",750606-BX-LB2,750606BXLB2,PU
93626,CP-093627,83403,VT-11-0503,74 inch Panhead Rear Cylinder,35-0004,350004,VTWIN
93849,CP-093850,3253,02141971,Wheel Spacer - Chrome - Rear Left - Touring,W16-0351-HWSL,W160351HWSL,PU
93849,CP-093850,94483,VT-44-0918,OE Wheel Hub Inner Spacer,11848,11848,VTWIN
93869,CP-093870,3273,07060124,Fuel Line - EFI - Sportster,T02-0091,T020091,PU
93869,CP-093870,91760,VT-35-0742,EFI Fuel Line,0706-0124,07060124,VTWIN
93879,CP-093880,3283,05211234,Side Cover Grommets - 6 Pack,E28-0041,E280041,PU
93879,CP-093880,92658,VT-37-0903,Side Cover Rubber Grommets,E28-0041,E280041,VTWIN
93879,CP-093880,92656,VT-37-0901,Side Cover Rubber Grommets,11650,11650,VTWIN
94020,CP-094021,3433,DS750597,Piston Pin Clip Retaining Ring - '84-'99 Big Twin(Except Twin Cam)/'85-'22 Sportster,A-22589-83A,A2258983A,PU
94020,CP-094021,83933,VT-12-0949,Piston Wrist Pin Lock,A-22589-83,A2258983,VTWIN
94074,CP-094075,14643,DS195172,Spacer - Motor Sprocket Shaft - Big Twin (except Twin Cam),A-24002-70,A2400270,PU
94074,CP-094075,3487,DS197034,Sprocket Shaft Oil Seal Spacer,24002-70,2400270,PU
94076,CP-094077,3489,DS194141,Pinion Gear Shaft - Big Twin,24006-54A,2400654A,PU
94076,CP-094077,96675,VT-10-8324,Jims Pinion Shaft,24006-54A,2400654A,VTWIN
94076,CP-094077,96391,VT-10-0401,Engine Pinion Shaft,A-24006-54A,A2400654A,VTWIN
94084,CP-094085,3497,DS194086,Pinion Gear Shaft,24006-58,2400658,PU
94084,CP-094085,96392,VT-10-0402,Engine Pinion Shaft,A-24006-58,A2400658,VTWIN
94084,CP-094085,96676,VT-10-8325,Jims Pinion Shaft,24006-58,2400658,VTWIN
94223,CP-094224,28161,09350161,Primary Case O-Ring,C9441,C9441,PU
94223,CP-094224,3638,DS174316,Alternator Cover O-Ring - Big Twin,JGI-11147,JGI11147,PU
94223,CP-094224,84604,VT-14-0531,V-Twin Inner Primary O-Ring,71246,71246,VTWIN
94223,CP-094224,57702,WPS-68-9441,INNER PRIMARY TO CASE O-RING TWIN CAM 10/PK OE#11147,C9441,C9441,WPS
94330,CP-094331,3747,DS199772,"Cylinder Dowels - 0.5575"" OD - Big Twin | XL/XR1200",83070-4,830704,PU
94330,CP-094331,92943,VT-37-8935,Cylinder Stud Insert,A-16573-83,A1657383,VTWIN
94330,CP-094331,37426,WPS-191-57087,CYLINDER DOWELS EVO PKG. 4 EVO BIG TWIN 84-99/XL 86-14,83070-4,830704,WPS
94910,CP-094911,4351,09330079,Motor Mount - XL,K-2-864,K2864,PU
94910,CP-094911,89643,VT-31-0115,Chrome Top Motor Mount 2 Piece Set,70384,70384,VTWIN
95364,CP-095365,4818,21130998,Battery Cable Kit - Black,79-3002-1,7930021,PU
95364,CP-095365,23172,21131004,Battery Cable Kit - Black,79-3006-1,7930061,PU
95364,CP-095365,38034,WPS-279-3006-1,BATTERY CABLE DRESSER FLH/FLT,79-3006-1,7930061,WPS
95364,CP-095365,38030,WPS-279-3002-1,BATTERY CABLE SOFTAIL FXST/FLST,79-3002-1,7930021,WPS
95366,CP-095367,4820,21131000,Battery Cable Kit - Black,79-3003-1,7930031,PU
95366,CP-095367,26422,21131006,Battery Cable Kit - Black,79-3007-1,7930071,PU
95366,CP-095367,38031,WPS-279-3003-1,BATTERY CABLE LOW RIDER FXR,79-3003-1,7930031,WPS
95366,CP-095367,38035,WPS-279-3007-1,BATTERY CABLE DRESSER FLH/FLT,79-3007-1,7930071,WPS
98114,CP-098115,7709,DS750607,"Cylinder - Front - 74"" - 1948-1965 Panhead",750607-BX-LB2,750607BXLB2,PU
98114,CP-098115,83402,VT-11-0502,74 inch Panhead Front Cylinder,35-0003,350003,VTWIN
99451,CP-099452,24479,DS174307,"Metal Base Gasket - Big Bore - 3.625"" - EVO Big Twin",JGI-16777-94-S,JGI1677794S,PU
99451,CP-099452,9098,DS174116,Metal Base Gasket with Silicone - EVO Big Twin,JGI-16777-94,JGI1677794,PU
99451,CP-099452,85331,VT-15-1072,James Cylinder Base Gasket,JGI-16777-94,JGI1677794,VTWIN
99451,CP-099452,85345,VT-15-1101,James Cylinder Base Gasket,JGI-16777-94-S,JGI1677794S,VTWIN
99501,CP-099502,9148,DS391241,Mounting Grommets - Rubber - 12-Pack,JGI-11447,JGI11447,PU
99501,CP-099502,14011,DS391240,Gas Tank Grommets - 10-Pack,22-0112-AHC4,220112AHC4,PU
99501,CP-099502,89406,VT-28-2006,Lower Gas Tank Mount Rubber Grommet,22-0122-AR,220122AR,VTWIN
101658,CP-101659,11352,06303422,Ruffian Lock-On Street Grips - CVO - Black/Bronze,V30HTCB-Z,V30HTCBZ,PU
101658,CP-101659,34413,06303397,Ruffian Lock-On Street Grips - Cable - Black/Bronze,V30HCWB-Z,V30HCWBZ,PU
101658,CP-101659,56007,WPS-206-40101,"RUFIAN GRIPS CABLE 1"" BLACK/BRONZE",V30HTCB-Z,V30HTCBZ,WPS
103490,CP-103491,13250,09344682,"Cam Cover Gasket - .060"" - '82-'85 Sportster",C9332F-1,C9332F1,PU
103490,CP-103491,15082,DS174075,Cam Cover Gasket - XL,JGI-25263-81,JGI2526381,PU
103490,CP-103491,84870,VT-15-0124,V-Twin Cam Cover Gaskets,S410195034009,S410195034009,VTWIN
103490,CP-103491,85240,VT-15-0931,James Cam Cover Gasket,JGI-25263-81,JGI2526381,VTWIN
103813,CP-103814,13591,12040042,"Rear Drive Belt - 128 Tooth - 1-1/8""",BDL SPC-128-118,BDLSPC128118,PU
103813,CP-103814,87054,VT-20-4000,1-1/8 inch Carlisle Panther Rear Belt 128 Tooth,BDL PA-128-118,BDLPA128118,VTWIN
103838,CP-103839,13617,11313616,Clutch Springs,11313616,11313616,PU
103838,CP-103839,86667,VT-18-0270,OE Clutch Spring,370000270A,370000270A,VTWIN
109495,CP-109496,19552,09341624,Primary Cover Gasket Kit,JGI-34901-07-K,JGI3490107K,PU
109495,CP-109496,61877,VT-15-1397,James Primary Cover Gasket Kit,JGI-34901-07-K,JGI3490107K,VTWIN
109495,CP-109496,39823,WPS-681-4033,GASKET PRIMARY COVER PAPER TOURING 6 SPEED KIT 34901-07-K,34901-07-K,3490107K,WPS
110182,CP-110183,20253,11060042,Replacement Retaining Ring - Fifth Gear,JGI-11161,JGI11161,PU
110182,CP-110183,83936,VT-12-0952,Transmission Drive Bearing Snap Ring,11161,11161,VTWIN
110182,CP-110183,58148,WPS-681-5452,GASKET RET RING 5TH GEAR 1/PK,11161,11161,WPS
114143,CP-114144,24478,DS174287,Upper Pushrod O-Ring - XL,JGI-11190,JGI11190,PU
114143,CP-114144,84771,VT-14-0952,V-Twin Pushrod Cover Seal Kit,76939,76939,VTWIN
122311,CP-122312,33064,20202318,Turn Signal Eliminator - Black - '99-'04 FLHX/FLTR,N-TSE-B,NTSEB,PU
122311,CP-122312,50521,WPS-850-09723,TURN SIGNAL ELIMINATOR G BLK,LLC-TSE-B,LLCTSEB,WPS
123546,CP-123547,34332,20202319,Turn Signal Eliminator - Chrome - '99-'04 FLHX/FLTR,N-TSE-C,NTSEC,PU
123546,CP-123547,50522,WPS-850-09724,TURN SIGNAL ELIMINATOR CHR,LLC-TSE-C,LLCTSEC,WPS