normalized_part_number,catalog_unified_id,sku,name,brand_part_number,source_vendor,canonical_product_id,canonical_sku
B281256,4236,13102496,"Stiletto Shock - 13"" - Black/Red",B28-1256,PU,94798,CP-094799
B281256,56042,WPS-750-05580,"STILETTO SHOCKS 13"" TOURING `95-25 STD WEIGHT",B28-1256,WPS,(none),(none)
GBDU001,8751,17104921,Brake Rotor - Front - Black,GBDU001,PU,99110,CP-099111
GBDU001,57320,WPS-17-DU001,"ROTOR 11.5"" FLOATING WAVE FR BLACK",GBDU001,WPS,(none),(none)
GBDU011,14937,17104931,"Wave® Brake Rotor - Front - 13"" - Narrow Band - Machined Black",GBDU011,PU,105086,CP-105087
GBDU011,57326,WPS-17-DU011,"ROTOR 13"" FLOATING WAVE RADIAL FR BLACK",GBDU011,WPS,(none),(none)
202033C,37356,WPS-191-57020C,GUIDE EX +0.003 CAST IRON HD PAN 48-65 & SHOVEL 66-77,20-2033C,WPS,99660,CP-099661
202033C,9308,09260751,"Valve Guide - Exhaust - 0.5680"" OD - Panhead '48-'65 | Shovelhead '66-'E79",20-2033C,PU,99660,CP-099661
202033C,60040,VT-11-0977,Kibblewhite Cast Iron .003 Exhaust Valve Guide,20-2033C,VTWIN,126385,CP-126386
52742,15712,06360670,Adhesive Mount Pro - Mag-Align,52742,PU,105848,CP-105849
52742,56706,WPS-194-52742,ADHESIVE MOUNT PRO MAG-ALIGN BLACK,52742,WPS,(none),(none)
030106,41622,WPS-820-1320C,H-BAR CLAMP FINNED W/ SKIRT CHROME,03-0106,WPS,119417,CP-119418
030106,30099,06030003,Handlebar Clamp - Finned,03-0106,PU,119417,CP-119418
030106,88487,VT-25-2108,Finned Riser Top Clamp Chrome,03-0106,VTWIN,130083,CP-130084
80856,59345,VT-10-1609,Connecting Rod Set,80856,VTWIN,109214,CP-109215
80856,19267,09230689,"Connecting Rod Set - M8 (104""/107""/114"")",80856,PU,109214,CP-109215
80856,57128,WPS-820-58023,"CONNECTING ROD KIT M8 104/107/114"" OE# 24100057A",80856,WPS,(none),(none)
8185,72794,VT-33-8185,Custom Cateye LED Tail Lamp Clear,8-185,VTWIN,133150,CP-133151
8185,45595,WPS-60-1947,SWIVEL KIT FRONT TURN SIGNALS CHROME,8185,WPS,133150,CP-133151
8185,89790,VT-31-0582,Chrome Front Turn Signal Clamp Ball Stud,8185,VTWIN,155484,CP-155485
GBDU007,57324,WPS-17-DU007,"ROTOR 12.5"" FLOATING WAVE FR BLACK",GBDU007,WPS,(none),(none)
GBDU007,8766,17104927,"Wave® Brake Rotor - Front - 12-1/2"" - Black",GBDU007,PU,99124,CP-099125
45217,58647,WPS-820-32007,BRAKE CALIPER ASSEMBLY REAR REPL OE#40925-00,45217,WPS,98084,CP-098085
45217,7677,78053044,Rear Caliper - '00-'03 XL,45217,PU,98084,CP-098085
45217,87545,VT-23-0587,Replica Chrome Rear Caliper with Bracket and Brake Pads,45217,VTWIN,141346,CP-141347
202051C,37298,WPS-191-57002C,GUIDE INTAKE +0.001 CAST IRON HD SHOVELHEAD 78-83,20-2051C,WPS,121001,CP-121002
202051C,31721,09260755,"Valve Guide - Intake - 0.6260"" OD - Shovelhead 'L79-'84",20-2051C,PU,121001,CP-121002
202051C,60055,VT-11-0997,Kibblewhite Cast Iron .001 Intake Valve Guide,20-2051C,VTWIN,126328,CP-126329
8708,25128,DS290352,Thunderslide Jet Kit - Big Twin,8708,PU,114759,CP-114760
8708,56786,WPS-874-1224,TIRE BATTLECRUISE H50 FRONT 100/80-17 52H BIAS TL,8708,WPS,(none),(none)
8821,45594,WPS-60-1946,SUPPORT BULLET TURN SIGNAL SHORT CHROME,8821,WPS,92150,CP-092151
8821,89731,VT-31-0327,Chrome Turn Signal Bracket Rear,8821,VTWIN,92150,CP-092151
8821,56804,WPS-874-1241,TIRE BATTLECRUISE H50 REAR 180/70B16 77H BIAS TL,8821,WPS,(none),(none)
B281257,27214,13102497,"Stiletto Shock - 13"" - Black/Red - Heavy Duty",B28-1257,PU,116748,CP-116749
B281257,56043,WPS-750-05581,"STILETTO SHOCKS 13"" TOURING `95-25 HVY WEIGHT",B28-1257,WPS,(none),(none)
40373,27319,20101499,Taillight/License Plate Holder - Red Lens - Chrome,40373,PU,102918,CP-102919
40373,12655,10102895,VO2 Rogue Air Intake Kit - Wrinkle Black,40373,PU,102918,CP-102919
40373,82623,VT-73-373,Hex Head Machine Screw 3/8 inch x 1-1/4 inch Stainless Steel,40-373,VTWIN,116853,CP-116854
206589SALED,41324,WPS-820-0370A,LED BULLET MARKER LIGHT CHROME W/AMBER LENS,20-6589SALED,WPS,98308,CP-098309
206589SALED,7921,78052069,BulletvMarker Lights - LED - Amber Lens - Chrome,20-6589SALED,PU,98308,CP-098309
206589SALED,71789,VT-33-0473,Mini LED Bullet Amber Lens Marker Lamp Set,20-6589SALED,VTWIN,129853,CP-129854
20036,27826,24010514,Tool Box Mount Kit - Big Twin,2003-6,PU,106719,CP-106720
20036,16668,04110179,Fork Boot Cover - Chrome - Smooth,20-036,PU,106719,CP-106720
20036,70930,VT-32-2018,Sumax Spark Plug Wire Set 8mm Black,20036,VTWIN,117331,CP-117332
6853B,27979,18002257,Speedster Slashdown Exhaust - '18-'20 Softail,6853B,PU,117475,CP-117476
6853B,57257,WPS-82-96507,SPEEDSTER SLASHDOWN BLCK FXBB FXLR/S FLSL/DE 18-24,6853B,WPS,(none),(none)
1218,72290,VT-34-0170,Ultima Air Cleaner Lever for Enrichener,12-18,VTWIN,120243,CP-120244
1218,30950,09300155,Valve Spring Seat Shims - M8,1218,PU,120243,CP-120244
1218,80857,VT-50-2200,Chrome Solo Style Luggage Rack,121-8,VTWIN,154980,CP-154981
1215,3451,09262976,Valve Locks - 6.00 mm Triple Groove - M8,1215,PU,94038,CP-094039
1215,43091,WPS-59-9124,LIQUID GASKET GREY 250G,1215,WPS,94038,CP-094039
1215,57158,WPS-27-4736,LARGE FUEL TANK LINER TANK PREP COMBO,1215,WPS,(none),(none)
1215,73703,VT-34-2115,Ultima Free Flow Milled Air Cleaner Kit Chrome,12-15,VTWIN,94038,CP-094039
V30HTCBB,34440,06303420,Ruffian Lock-On Street Grips - CVO - Black/Black,V30HTCB-B,PU,123654,CP-123655
V30HTCBB,56655,WPS-206-40114,LOCK-ON RUFFIAN GRIPS BLACK/BLACK CVO `23-24,V30HTCB-B,WPS,(none),(none)
78260,62103,VT-15-8260,"HEAD GASKET, 1550CC",78-260,VTWIN,144792,CP-144793
78260,62102,VT-15-8259,"HEAD GASKET, 1550CC, COPPER",78-260,VTWIN,144792,CP-144793
78260,93867,VT-42-0787,Chrome Rocker Box Cover Set,78260,VTWIN,144793,CP-144794
GBDU003,31171,17104923,Brake Rotor - Front - Black,GBDU003,PU,120461,CP-120462
GBDU003,57322,WPS-17-DU003,"ROTOR 11.8"" FLOATING WAVE FR BLACK",GBDU003,WPS,(none),(none)
5401,31350,19010419,Forceflow Cylinder Head Cooler Kit - Black - Twin Cam Touring,5401,PU,120403,CP-120404
5401,31113,10102831,"3"" Velocity Stack with Backing Plate Kit - Black",5401,PU,120403,CP-120404
5401,72745,VT-33-5401,Jims Forceflow Cylinder Head Cooler Kit Black,5401,VTWIN,120638,CP-120639
50820,26110,10102701,Big Sucker™ Stage II Air Filter Kit - Wrinkle Black,50-820,PU,115702,CP-115703
50820,57418,WPS-194-50820,INDIAN CARD WALLET W/HEADDRESS RED W/LOGO,50820,WPS,(none),(none)
6521,57209,WPS-82-96349,DUAL CUT SLIP-ONS CHROME FLSB 18-24,6521,WPS,(none),(none)
6521,22059,18011302,Dual Cut Muffler for FLSB - Chrome,6521,PU,111852,CP-111853
6478B,57218,WPS-82-96397,EL DIABLO 2-1 BLCK FXBB FXLR/S FLSL/DE 18-24,6478B,WPS,(none),(none)
6478B,21979,18002293,El Diablo Exhaust - Black,6478B,PU,111773,CP-111774
V30HTCHH,11344,06303424,Ruffian Lock-On Street Grips - CVO - Graphite/Gunmetal,V30HTCH-H,PU,101650,CP-101651
V30HTCHH,56659,WPS-206-40118,LOCK-ON RUFFIAN GRIPS GRAPHITE/GUN METAL CVO `23-24,V30HTCH-H,WPS,(none),(none)
GB053170,3468,17220973,Brake Pads - Sintered - Front/Rear,GB0531-70,PU,94055,CP-094056
GB053170,57037,WPS-17-53170,BRAKE PADS SINTERED,GB0531-70,WPS,(none),(none)
V30HTCBZ,11352,06303422,Ruffian Lock-On Street Grips - CVO - Black/Bronze,V30HTCB-Z,PU,101658,CP-101659
V30HTCBZ,56007,WPS-206-40101,"RUFIAN GRIPS CABLE 1"" BLACK/BRONZE",V30HTCB-Z,WPS,101658,CP-101659
V30HTCBZ,56657,WPS-206-40116,LOCK-ON RUFFIAN GRIPS BLACK/BRONZE CVO `23-24,V30HTCB-Z,WPS,(none),(none)
81190,57121,WPS-820-51515,INTAKE MANIFOLD M8-SE EFI 55MM  OE 27300167,81190,WPS,(none),(none)
81190,91984,VT-35-9356,Ultima Extreme-Flow 55mm Intake Manifold,81190,VTWIN,174674,CP-174675
PV31504,56705,WPS-133-4033,POWER VISION 3 TUNER FOR `23.5-25 VVT,PV3-15-04,WPS,(none),(none)
PV31504,13355,10204288,Power Vision 3 Fuel Injection Module,PV3-15-04,PU,103595,CP-103596
6020,14987,09402010,Tappet Cover Kit - Black - M8,6020,PU,105134,CP-105135
6020,59153,VT-10-0849,Jims M8 Low Profile Billet Tappet Block Kit Black Anodize,6020,VTWIN,117511,CP-117512
6020,28016,18010365,"3"" Mufflers - Chrome - '95-'16 Bagger",6020,PU,105134,CP-105135
700006,26065,11070651,10-Gauge Derby Cover - Red - Touring/Trike,700-006,PU,115658,CP-115659
700006,56465,WPS-70-700006,"ARMOR COAT CLUTCH CABLE 66.6"" INDIAN",70-0006,WPS,(none),(none)
81027,12955,10102123,Monster Sucker® Air Cleaner Kit - Chrome,81-027,PU,103203,CP-103204
81027,57124,WPS-820-53030,STEERING DAMPER KIT POLISHED 20-25 FXLRS,81027,WPS,(none),(none)
81027,95290,VT-50-0031,Standard Detachable Sissy Bar Chrome,81027,VTWIN,103203,CP-103204
81027,30412,04140734,Steering Damper - Chrome - '20-'25 FXLRS,81027,PU,103203,CP-103204
202133C,37372,WPS-191-57032C,GUIDE EX +0.003 CAST IRON HD EVO 84-99 SPORTSTER 86-03,20-2133C,WPS,99657,CP-099658
202133C,9305,09260728,"Valve Guide - Exhaust - 0.5650"" OD - Twin Cam '99-'04 | XL '86-'03",20-2133C,PU,99657,CP-099658
202133C,60160,VT-11-1191,Precision Machine Evolution Exhaust Valve Guide .003,20-2133C,VTWIN,126401,CP-126402
1705599MLS,39813,WPS-681-4006,GASKET MOTOR TC 95 W/MLS HD GASKET KIT 17055-99-MLS,17055-99-MLS,WPS,91217,CP-091218
1705599MLS,424,09341601,"Motor Gasket Kit - .040"" MLS Head Gaskets - 95""/103"" - '99-'04 Twin Cam",17055-99-MLS,PU,91217,CP-091218
1705599MLS,61838,VT-15-1347,James Motor Gasket Set,17055-99-MLS,VTWIN,128520,CP-128521
V30HTCGRB,11335,06303426,Ruffian Lock-On Street Grips - CVO - Gum Rubber/Black,V30HTCGR-B,PU,101641,CP-101642
V30HTCGRB,56661,WPS-206-40120,LOCK-ON RUFFIAN GRIPS GUM RUBBER/BLACK CVO `23-24,V30HTCGR-B,WPS,(none),(none)
4017,40997,WPS-811-04050,HYDRAULIC LIFTERS RACE SERIES (4050 / 4017),4017,WPS,120371,CP-120372
4017,31080,09290072,Lifters - Race Series® - Standard - M8,4017,PU,120371,CP-120372
4017,76942,VT-40-0346,Chrome Acorn Billet Canister Set,4017,VTWIN,129565,CP-129566
7001,41007,WPS-811-07001,OIL PUMP REBUILD KIT,7001,WPS,120329,CP-120330
7001,31037,09320019,Oil Pump Rebuild Kit - Twin Cam,7001,PU,120329,CP-120330
7001,87358,VT-23-0113,Rear Brake Caliper Bushing Short,7001,VTWIN,129575,CP-129576
7062,41011,WPS-811-07062,RACE SERIES OIL PUMP,7062,WPS,105055,CP-105056
7062,14906,09320026,Race Series® Oil Pump - Twin Cam,7062,PU,105055,CP-105056
7062,95932,VT-54-0412,Lower Rear Shock Stud Kit Zinc,7062,VTWIN,129579,CP-129580
V30HTCBS,17738,06303421,Ruffian Lock-On Street Grips - CVO - Black/Silver,V30HTCB-S,PU,107750,CP-107751
V30HTCBS,56656,WPS-206-40115,LOCK-ON RUFFIAN GRIPS BLACK/SILVER CVO `23-24,V30HTCB-S,WPS,(none),(none)
7082,56794,WPS-874-1231,TIRE BATTLECRUISE H50 FRONT 130/70B18 63H BIAS TL,7082,WPS,(none),(none)
7082,86730,VT-18-1213,Clutch Adjuster Screw,7082,VTWIN,169420,CP-169421
81029,25853,10102125,Monster Sucker® Air Cleaner Kit - Chrome,81-029,PU,98509,CP-098510
81029,8134,07100282,Bezel Dipstick - Black - Sportster,81029,PU,98509,CP-098510
81029,74101,VT-35-0472,Hose Clamp Assortment Set,81029,VTWIN,115447,CP-115448
40130063100,2116,DS223771,Drive Plate - L'84-'90 XL,40130063100,PU,92813,CP-092814
40130063100,86726,VT-18-1146,Clutch Steel Drive Plate Set,401-30-063100,VTWIN,169416,CP-169417
700005,20300,11070650,10-Gauge Derby Cover - Orange - Touring/Trike,700-005,PU,110224,CP-110225
700005,56464,WPS-70-700005,"ARMOR COAT CLUTCH CABLE 60.6"" INDIAN",70-0005,WPS,(none),(none)
6046B,22060,18011266,Black El Diablo Mufflers for Fat Bob,6046B,PU,111853,CP-111854
6046B,57247,WPS-82-96419,"EL DIABLO 4"" SLIP-ON BLACK FXFB/S 18-24",6046B,WPS,(none),(none)
7201,31030,09250533,Camchest Kit - HP+® - 525 Series - Chain Drive - Twin Cam,7201,PU,120323,CP-120324
7201,56855,WPS-874-1935,TUBE STANDARD 180/60B17 TR4  VALVE STEM,7201,WPS,(none),(none)
6795,6514,18002321,Speedster RPT Short Exhaust,6795,PU,96979,CP-096980
6795,57255,WPS-82-96505,SPEEDSTER SHORTS RPT CHRM FLFB/S  FXBR/S/DR 18-24,6795,WPS,(none),(none)
PV41504,28403,10204287,Power Vision 4 Fuel Injection Controller - M8,PV4-15-04,PU,117883,CP-117884
PV41504,56704,WPS-133-4023,POWER VISION 4 BLUETOOTH TUNER FOR `23.5-25 VVT,PV4-15-04,WPS,(none),(none)
B281350B,56322,WPS-750-05582,"STILETTO SHOCK 13.5"" M8 SOFTAIL",B28-1350B,WPS,(none),(none)
B281350B,5776,13102333,"Stiletto Shock - 13.5"" - Black",B28-1350B,PU,96273,CP-096274
062430,56444,WPS-70-602430,"TOP HALF BLACKOUT CABLE 44.7"" BLK  OE# 3720439",06-2430,WPS,(none),(none)
062430,11101,06523246,"Blackout Top Half Clutch Cable - +2-3/4""",06-2430,PU,101411,CP-101412
V30HTCHB,56658,WPS-206-40117,LOCK-ON RUFFIAN GRIPS GRAPHITE/BLACK CVO `23-24,V30HTCH-B,WPS,(none),(none)
V30HTCHB,34415,06303423,Ruffian Lock-On Street Grips - CVO - Graphite/Black,V30HTCH-B,PU,123629,CP-123630
V30HTCHU,56660,WPS-206-40119,LOCK-ON RUFFIAN GRIPS GRAPHITE/BLUE CVO `23-24,V30HTCH-U,WPS,(none),(none)
V30HTCHU,34426,06303425,Ruffian Lock-On Street Grips - CVO - Graphite/Blue,V30HTCH-U,PU,123640,CP-123641
81033,57125,WPS-820-53031,STEERING DAMPER KIT BLACK 20-25 FXLRS,81033,WPS,(none),(none)
81033,29918,04140735,Steering Damper - Black - '20-'25 FXLRS,81033,PU,119238,CP-119239
81033,66246,VT-24-1428,Black Fork Steering Damper Kit,81033,VTWIN,119238,CP-119239
81243,57127,WPS-820-53033,STEERING DAMPER KIT BLACK 20-25 FXLRST,81243,WPS,(none),(none)
81243,66247,VT-24-1429,Black Fork Steering Damper Kit,81243,VTWIN,148937,CP-148938
7000,14905,09320018,Hi Volume Oil Pump - Twin Cam,7000,PU,105054,CP-105055
7000,41006,WPS-811-07000,HP+ OIL PUMP,7000,WPS,105054,CP-105055
7000,87779,VT-23-1727,Brake Caliper Pin Kit,7000,VTWIN,129574,CP-129575
6986,57233,WPS-82-96084,BAD HOMBRE TRUE DUALS CHROME SOFTAIL 12-17,6986,WPS,(none),(none)
6986,27945,18001750,True Dual Exhaust - Billet Tip - '12-'17 Softail,6986,PU,117442,CP-117443
6208RB,57246,WPS-82-96418,"EL DIABLO 4"" SLIP-ON BLACK FLH/FLT 17-24",6208RB,WPS,(none),(none)
6208RB,27984,18011219,"El Diablo Slip-On Mufflers - 4"" - FL - Black",6208RB,PU,117480,CP-117481
6957T,57267,WPS-82-96559,SPEEDSTER LONGS II CHROME DYNA 06-11,6957T,WPS,(none),(none)
6957T,6413,18001829,Speedster Long Exhaust - '06-'11 Dyna,6957T,PU,96880,CP-096881
GBDU002,57321,WPS-17-DU002,"ROTOR 11.5"" FLOATING WAVE RR BLACK",GBDU002,WPS,(none),(none)
GBDU002,8775,17104922,Brake Rotor - Rear - Black,GBDU002,PU,99133,CP-099134
GBDU004,57323,WPS-17-DU004,"ROTOR 11.8"" FLOATING WAVE RR BLACK",GBDU004,WPS,(none),(none)
GBDU004,8752,17104924,Brake Rotor - Rear - Black,GBDU004,PU,99111,CP-099112
GBDU009,57325,WPS-17-DU009,"ROTOR 13"" FLOATING WAVE  FR BLACK",GBDU009,WPS,(none),(none)
GBDU009,8754,17104929,"Wave® Brake Rotor - Front - 13"" - Black",GBDU009,PU,99113,CP-099114
7199,8642,09320231,Race Series Oil Pump with Plate - Twin Cooled Motors - '17-'24 M8,7199,PU,99002,CP-099003
7199,56871,WPS-874-1934,TUBE STANDARD 140B160/70-17 TR4  VALVE STEM,7199,WPS,(none),(none)
C9435,57698,WPS-68-9435,CRANKCASEOIL PLUG O-RING OE# 11105 10/PK OE#11105,C9435,WPS,96123,CP-096124
C9435,5622,09350186,Drain Plug O-Ring - M8/Big Twin - 10 Pack,C9435,PU,92207,CP-092208
8846,67804,VT-27-1236,Driver Chrome Shooter Footboard Set,8846,VTWIN,150494,CP-150495
8846,56797,WPS-874-1234,TIRE BATTLECRUISE H50 FRONT 140/75R17 67V RADIAL TL,8846,WPS,(none),(none)
8820,68623,VT-30-0008,Curved Radius 2 inch Drag Pipe Set Black,8820,VTWIN,151313,CP-151314
8820,56803,WPS-874-1240,TIRE BATTLECRUISE H50 REAR 180/60B17 75V BIAS TL,8820,WPS,(none),(none)
6031,13092,18010703,"3"" Slashcut Slip-On Mufflers - XL - Chrome",6031,PU,103335,CP-103336
6031,57225,WPS-82-96014,"3"" SLIP-ONS CHROME SPORTSTER 14-24",6031,WPS,(none),(none)
50803,81910,VT-54-0434,Rear E-Z Adjustable Lowering Kit,50803,VTWIN,164600,CP-164601
50803,57409,WPS-194-50803,INDIAN PHONE CASE W/HEADDRESS IPHONE 17 RED W/LOGO,50803,WPS,(none),(none)
8819,56747,WPS-874-1248,TIRE BATTLECRUISE H50 REAR 180/65B16 81H BIAS TL,8819,WPS,(none),(none)
8819,68624,VT-30-0009,Curved Radius 2 inch Drag Pipe Set Chrome,8819,VTWIN,151314,CP-151315
7198,56869,WPS-874-1933,TUBE STANDARD 140/90-16 TR4 VALVE STEM,7198,WPS,(none),(none)
7198,31046,09320230,Oil Pump with Cam Plate - HP+® - Water Cooled - M8,7198,PU,120338,CP-120339
060458,56457,WPS-70-60458,"TOP HALF CLUTCH CABLE 42"" BLK VINYL  OE#37200383",06-0458,WPS,(none),(none)
060458,18219,06523231,Black Vinyl Clutch Cable - Standard,06-0458,PU,108222,CP-108223
7188,56791,WPS-874-1228,TIRE BATTLECRUISE H50 FRONT 120/70ZR19 60W RADIAL TL,7188,WPS,(none),(none)
7188,14858,09251502,Hydraulic Cam Chain Tensioner Conversion Kit - Conversion Style Camshaft - '01-'06 TC,7188,PU,105007,CP-105008
7197,56875,WPS-874-1937,TUBE STANDARD 80/90-21 TR4  VALVE STEM,7197,WPS,(none),(none)
7197,30932,09251256,Race Series Oil Pump with Plate - Oil Cooled Motors - '17-'24 M8,7197,PU,120226,CP-120227