"product_id","sku","brand","source_vendor","name","image_url","http_status","content_type"
"10913","23130321","MEMPHIS SHADES","PU","Memphis Slim Windshield - 17"" - 9"" Headlight Cutout - Night ShadesBlack Smoke","http://asset.lemansnet.com/z/LzUvMC9ELzUwRDBGMUNELUNCNEEtNDJBMi04MUYyLUZGOEVFNUQ0QTVDMA==","200","application/x-zip"
"13244","09345962","COMETIC","PU","Primary Cover Gasket - '17-'24 M8 Touring","http://asset.lemansnet.com/z/LzYvMC9GLzYwRjVFQzlGLTgzMjEtNDdGQS1BQUNFLUJGREU4MDYyMjZCRA==","200","application/x-zip"
"25335","DS72072","S&S Cycle","PU","Main Jets - .072"" - 5-Pack","http://asset.lemansnet.com/z/L0MvNC9CL0M0QjU1MzMyLTI4QTYtNDkwOC04RTc2LTczQ0M4QTdDQUEyMQ==","200","application/x-zip"
"29417","24010571","DRAG SPECIALTIES","PU","Bolt Kit - Primary Cover - Smooth - Black/Chrome - '07-'16 Touring","http://asset.lemansnet.com/z/LzAvQS9CLzBBQjM4MEYwLTJBN0UtNEYyQS05RjQ1LUM0MTZFQzk3MDgzOCwvRi8yL0QvRjJEMTM2QUUtNkI3Qi00RjlFLTk5OTUtMjc1MTk0MkEyMUI1","200","application/x-zip"
"25","02141978","DRAG SPECIALTIES","PU","Axle Nut Retainers - Rear - Chrome - 10 Pack - '02-'13 Touring","http://asset.lemansnet.com/z/LzMvRC9BLzNEQTc5MUM3LTJENjItNDYyQy04NjMxLUQwMTRENTZEMDdGRg==","200","application/x-zip"
"26543","06523002","Barnett","PU","High-Efficiency Stealth Clutch Cable - +8"" - '21-'24 Touring/Trike","http://asset.lemansnet.com/z/LzgvQy81LzhDNUIyODhELUIzQUYtNEIyRS05OTA4LTE2MzZGRjgzRTk4NA==","200","application/x-zip"
"8947","04140451","Progressive Suspension","PU","Monotube Cartridge Fork Kit - 39 mm - Standard","http://asset.lemansnet.com/z/L0YvQS81L0ZBNTMxODVGLTI0QzQtNDI0Qy1CRDhCLUU5RDdGQTk4NjM3NA==","200","application/x-zip"
"24452","DS172055","COMETIC","PU","Cylinder Base Copper Gasket - .016"" - EVO","http://asset.lemansnet.com/z/LzcvNi80Lzc2NDc1QkExLUYzRkYtNDQzQi1CMTJCLTQ3RTYzQUFBMjY3OQ==","200","application/x-zip"
"25489","KM545","Mikuni","PU","Pilot Jets - #45 - 4-Pack","http://asset.lemansnet.com/z/LzAvQy9ELzBDRDYyNkMwLTYzMzEtNDFFOS1CNkQ1LTQ5M0JBMTQ5REM5Qw==","200","application/x-zip"
"35009","16030146","Pingel","PU","Shift Peg Extender - Harley","http://asset.lemansnet.com/z/L0QvMi9EL0QyRDFDQ0VBLUNGMTAtNDFBOS05QjVGLTlCNTM1M0RFRDk4MA==","200","application/x-zip"
"1114","18002245","BASSANI XHAUST","PU","2-into-1 Road Rage Exhaust System - Black","http://asset.lemansnet.com/z/L0EvOS82L0E5NjVDMzMxLUQ0RjUtNEJDNC1BMjc3LUUzQTQ0OUI2NTZCMg==","200","application/x-zip"
"31953","06360045","Klock Werks","PU","Replacement iOadapt Disc - No Inductive Charging","http://asset.lemansnet.com/z/L0YvNC8zL0Y0M0M0Q0YyLTVDRUUtNDg4QS05QTM2LUExNEUwMDA3NjNFRSwvQS8wLzkvQTA5NzE0NTktNkUxNy00NTNFLUEyQjUtMDFCMjQ0ODdBQjBCLC80LzMvNS80MzUwQTM1OS04MTYwLTQwNTUtQjA1Ny05MDUzOTZEMzMwREQsL0MvMC83L0MwN0I0Qzk0LTMwMkEtNEE2Ny05RUJELTYxRUU3NUVFNDRDMw==","200","application/x-zip"
"4462","24011697","Arlen Ness","PU","Bolt Kit - Holeshot/Front/Floating/Brake Rotor - Spoke Mount - Polished - 5 Pack","http://asset.lemansnet.com/z/LzMvNy8xLzM3MTE0ODIyLUI4MkUtNDY4NS1CNTI4LTM4MDMyQkNBNkJBMw==","200","application/x-zip"
"15993","16100763","THRASHIN SUPPLY CO.","PU","Aggressor Brake Pedal - Red - Touring","http://asset.lemansnet.com/z/L0IvNS9EL0I1RDVDOTM0LThBNEItNERCRS04QzYwLTc3RTYxOUU4NzNERSwvMC9CLzgvMEI4QkM1Q0QtNTZBRS00MDAzLTg0RDQtMUE2RTQ0NTRGRDdFLC80LzYvMi80NjI2QzQ2NC1ERjI4LTQyRTQtOUU0OS0zNzZGNkNENzJCMEYsL0UvMy8zL0UzM0Q0N0E1LUM2QkUtNDk2MC04NUUyLTNGNzQyRkJFNzJFQiwvRi8yLzkvRjI5QTlGNjgtQkUxNS00QTVFLTg3RUUtMDlCREJGRUUwOEQxLC85LzQvOC85NDgzMDhERC0wMjA4LTRGNTAtOUI3QS0yMTBBNDFFQ0E1Nzk=","200","application/x-zip"
"34479","23300320","PAUL YAFFE BAGGER NATION","PU","Fairing Drop Block Kit - '23 Road Glide 3","http://asset.lemansnet.com/z/LzkvMS83LzkxNzFFRUE0LUUyMTMtNDhBRi1CRUQ5LTI4REJCOUIyNDVFNSwvQy9ELzkvQ0Q5OTdCMEUtQjNCOC00Q0NGLUI1NTItMzM5RkE1NEUyQUQ0","200","application/x-zip"
"10589","06621049","MAGNUM SHIELDING","PU","XR Handlebar Installation Kit - 12""-14"" Ape Hangers - '21-'23 FLTR - Black","http://asset.lemansnet.com/z/LzUvNS84LzU1ODlDMDlCLTk0MTAtNDE3RS1CRkI1LTIxOTY0OEVGRERGQiwvMy83L0YvMzdGMTA0NDEtOTc5My00MjM0LUFENkMtRDRERURFNURFRDQ4","200","application/x-zip"
"12190","08040829","SLYFOX","PU","High Noon Seat - Vinyl - Classic Stitch - Silver Logo - Silver Stitch - XL '04-'22","http://asset.lemansnet.com/z/L0QvMS9FL0QxRUFBQUUwLTdCMUYtNDBBMy1CMUI5LUQxQkRFMDRGOUQzQiwvNS9GLzUvNUY1NEQwRjctMTMyMi00Rjg2LUJGN0ItNjEwMjI3Rjk4QUVGLC9BLzcvNy9BNzc5MDgxMC1GNEEzLTQzRTQtOTQwNC00QzlFMEUwMTJCRkQsLzMvRC8yLzNEMjczMjhELUIyRDgtNDdDMC1COTA3LUM2RjRFQzlFRTQ0QywvOS8yLzQvOTI0RUUwQjctMEEzQS00MzM4LUI1RDctODBDMTNCOThCNzVGLC8yLzEvOS8yMTkwNDNDQy1FMEI0LTRDQTQtOTE4Ni1ERURBNDQ5NTIxQTUsLzkvMi8zLzkyMzFGNjlGLTAyMTgtNDNBNC1CMkNCLTUxOEZFMUY4MDg1RCwvNy8xLzYvNzE2N0Q0QjUtNUIwRS00OTQzLUE3RTgtRDlERTE0NzBBNDIyLC9FL0UvQS9FRUExNzMwQS1DMTUyLTRDNUItODNFNC05RkQ2NTM3QTVCOUMsLzAvQi9GLzBCRjFCRDE2LTUzRjgtNDFCNi1CRkRCLTNBQTZBM0E5MDYxMSwvOC82L0YvODZGQjNDOEEtRTg3RC00MTUxLUEwMkMtREUwQzkwNzE5MUYw","200","application/x-zip"
"30484","10050057","EBC","PU","A-Bax Pilot Jets for Mikuni VM25/486 - #35 - 4-Pack","http://asset.lemansnet.com/z/LzUvNC9GLzU0RkY5ODNGLUYzMTgtNDEwQi04NUVDLTgyQzgwNEI4NTQxMCwvQS8wLzgvQTA4RTk1ODEtMDA0My00NDI5LThBRDctRDlDN0VDQThGQUFF","200","application/x-zip"
"28706","17412710","DRAG SPECIALTIES","PU","Universal Brake Line - Black - 21""","http://asset.lemansnet.com/z/LzUvRi8zLzVGMzRCRkQ3LTlCQjMtNEU2QS1CNUQzLUIwNjhDMEJERDVBRQ==","200","application/x-zip"
"14636","11320573","Eastern Motorcycle Parts","PU","Pressure Plate - 38010-41 - Big Twin","http://asset.lemansnet.com/z/L0IvMi8xL0IyMTc2RkE1LUZEMDAtNDQwNS1COEQwLTFGOTUyN0JDMEEzNg==","200","application/x-zip"
"28678","17412956","DRAG SPECIALTIES","PU","Brake Line - Rear - Black - +3"" - Softail '04-'06","http://asset.lemansnet.com/z/LzQvMC81LzQwNUQ2RjlFLTMzQjctNDE5RS1BRjhFLTdDODAwMUZFREE0Nw==","200","application/x-zip"
"16570","04030188","Arlen Ness","PU","Fork Legs - Chrome - Smooth - Dual Disc","http://asset.lemansnet.com/z/L0YvOS8zL0Y5MzExMzFBLURCMEItNEJBRC1CQkM4LTEzOUY2MTlFRDkxQg==","200","application/x-zip"
"1957","DS325288","DRAG SPECIALTIES","PU","Sprocket Cover - Chrome - '82-'90 XL","http://asset.lemansnet.com/z/LzMvOS82LzM5NjIzNjIwLUU4QUUtNEVFNi04QzA4LTYxMUQ1NzI2OTExNw==","200","application/x-zip"
"31548","DS173382","James Gasket","PU","Oil Pump Metal Gasket/Seal Kit - EVO/Big Twin","http://asset.lemansnet.com/z/LzQvNS82LzQ1NkMwNTcyLTA2OEItNDVGQy05MTY3LUREOUE1MkQzQ0Y3Mg==","200","application/x-zip"
"1775","DS197037","JIMS","PU","Oil Pump Shaft - Big Twin","http://asset.lemansnet.com/z/LzIvOC8wLzI4MENBNUFGLUEzRTktNEFGMS05QzVELTZERkE1REI1QkI1OQ==","200","application/x-zip"
"32547","06101753","LA Choppers","PU","Complete Stainless Braided Handlebar Cable/Brake Line Kit - 12""-14"" Handlebars - '16 Touring","http://asset.lemansnet.com/z/L0EvMy9BL0EzQUIwRDMyLTcwOTUtNDdERi05NjlDLTczQjNGQUM0OUZBMg==","200","application/x-zip"
"2166","09210528","Eastern Motorcycle Parts","PU","Bushing - Camshaft - Big Twin '99-'06 (except '06 Dyna)","http://asset.lemansnet.com/z/LzYvQS83LzZBNzlCOTgyLTJCNDQtNEY2RS1BM0RGLTU4RThFOEE1MUE4QQ==","200","application/x-zip"
"311","09131002","DRAG SPECIALTIES","PU","Micro Relay w/ Diode - Harley Davidson","http://asset.lemansnet.com/z/L0IvNy8wL0I3MDg2Q0Q2LTFFM0ItNDNGOC1BNEQ4LUEwMzA5MTU1RDFCOA==","200","application/x-zip"
"36562","10102986","Vance & Hines","PU","VO2 Eliminator Air Intake Kit - Chrome","http://asset.lemansnet.com/z/L0QvNi9FL0Q2RTYyOEM2LUJENkItNEY5My1CRTQ5LTVFODI1NjdGRUE5NiwvRC8yLzgvRDI4QkMxQTItRDk4Ni00NEI1LUI0MzMtRUY0NUEwNEE5Q0M4","200","application/x-zip"
"21251","20011832","Rivco Products","PU","H9/H11 Headlight Adapter","http://asset.lemansnet.com/z/LzMvQi9DLzNCQzVEMDVDLTcxQzgtNEFBQS04NjU0LUUxMkVFMjRCQjdDNw==","200","application/x-zip"
"20342","11120032","DRAG SPECIALTIES","PU","Clutch Release Shaft with Finger Kit - '36-'86 Big Twin","http://asset.lemansnet.com/z/L0UvRS84L0VFODNERjhGLTU1MzEtNDQxMC1CMTcyLUM1REE4RTZFRTBGQQ==","200","application/x-zip"
"8959","13100784","Progressive Suspension","PU","444 Series Shock - 12"" - Standard - Black","http://asset.lemansnet.com/z/LzcvQS82LzdBNjIyNkQyLTU0REUtNDdGOS04MEM3LUNFMzMxRUJCOUY5QQ==","200","application/x-zip"
"30445","17211453","EBC","PU","Semi-Sintered Brake Pads","http://asset.lemansnet.com/z/LzcvMC9CLzcwQkFDNTJFLUE3MzUtNDI4Ny04NTAyLTU2ODY1NjBDNTNCMywvMC9DLzIvMEMyOTEwNEQtRjEwQS00MUVCLUEzQjktM0I5RkE2RDQ5NDYy","200","application/x-zip"
"7440","23500376","MEMPHIS SHADES","PU","Windshield Trim - Polished - Oval - FLH","http://asset.lemansnet.com/z/L0IvOC9EL0I4RDk1Q0UxLTY0MzUtNDk0OS1CNTA3LUJFQjg3MkVDQTRFRQ==","200","application/x-zip"
"18001","06510164","DRAG SPECIALTIES","PU","Black Vinyl Idle Cable - 44""","http://asset.lemansnet.com/z/LzMvNS9ELzM1RDA5QTJDLTA3NEEtNEY2Ni1CMDI2LTAwNkYwMEQzRjUxMQ==","200","application/x-zip"
"19709","09401921","Arlen Ness","PU","Points Cover - Gold - Twin Cam","http://asset.lemansnet.com/z/L0QvQi8yL0RCMjY4RDg3LTdFMUUtNDZCQy04RDY3LUQ4RUUxMDE5OEU3Rg==","200","application/x-zip"
"34772","04150028","PERFORMANCE MACHINE (PM)","PU","Fork Brace - 49 mm - Contrast Cut - '06-'17 FXD","http://asset.lemansnet.com/z/L0EvOC8zL0E4M0YzQkQ4LTE1M0MtNDgxQi04NjZGLUIwREQ4RTgxOUNCRg==","200","application/x-zip"
"11128","08012025","MUSTANG","PU","Wide Tripper™ Seat - Passenger - Mandarin Orange Stitching - FLT/FLH '23-'25","http://asset.lemansnet.com/z/LzgvMS8yLzgxMkIwMENDLUQ4OEYtNDNFNi1BRDZELTA0RDhDQTAzMjZFOSwvNy9BLzAvN0EwMzcxRkUtMTY4Ni00RTI5LUEwNjctOTc0OTA4OUM3RkIx","200","application/x-zip"
"34049","07010299","MUSTANG","PU","Plain Tank Bib - FX","http://asset.lemansnet.com/z/LzkvQy9BLzlDQTlGODI1LUE2MUUtNDNENS05NDlFLTFGRkFDNDFFRDc1Qg==","200","application/x-zip"
"9611","39020143","Rivco Products","PU","Trailer Hitch - '11-'19 HD Trike","http://asset.lemansnet.com/z/LzYvNy9FLzY3RTQ2MjFELTZDRTAtNDMxMi04RTMyLTRGMUQ5MzkwQzg4QywvNy82LzQvNzY0NUQyNzUtMTA1OS00QkY3LTlGOTktOEY3MzNGOUI1ODQzLC9GL0EvNS9GQTVFN0FFMy02MUEwLTRFODktODI2Ri0yRUQ5QzI5Nzc3RDc=","200","application/x-zip"
"35739","17104788","SBS","PU","Design ""D"" 10-Spoke Brake Rotor","http://asset.lemansnet.com/z/LzQvNS83LzQ1NzMwMjg5LUExNTUtNDBCOC1BM0NFLTY2ODRGQjA0MUE5QiwvMS84LzIvMTgyMDg0NUUtMzQ4Qi00NEU0LUFDMTctMzYzQzEyREE0ODQ5LC8zLzQvMS8zNDEwQUQ5MC0xRTVCLTRDQ0QtOTYxOS04NDNEQjgwQUU3MEE=","200","application/x-zip"
"20583","12250426","RK","PU","530 Max-X - Connecting Link - Clip","http://asset.lemansnet.com/z/LzIvQS8yLzJBMkI0OUE5LURBM0MtNDRFMy04NzQ3LUUyRjY0OEIyNjVFQQ==","200","application/x-zip"
"29000","21070245","DRAG SPECIALTIES","PU","Horn Kit - Chrome","http://asset.lemansnet.com/z/L0UvQS85L0VBOTM1QTAyLUU2ODUtNDczMC05MzkzLUNERDA0RTMyN0RFRQ==","200","application/x-zip"
"12310","10500468","S&S Cycle","PU","Performance Intake Manifold - M8 - 55 mm - Silver","http://asset.lemansnet.com/z/LzEvOC8zLzE4MzQzNDE5LUJBOEYtNEE1OS05NzRELUU4RThENDVDNzQ5QSwvMC9FLzQvMEU0QzkyRDgtQjE3OC00RDFFLThEN0QtREQwN0M5RjExNzQ0","200","application/x-zip"
"18421","07050082","Pingel","PU","Adapter Nut - Chrome - 22 mm","http://asset.lemansnet.com/z/L0QvMy9GL0QzRkE0Nzc4LTAxMjAtNERBNi05MDkxLUM4NjVDRTEyQ0Y4OA==","200","application/x-zip"
"33793","06620508","MAGNUM SHIELDING","PU","XR Handlebar Installation Kit - 12""-14"" Ape Hangers - '96-'06 FLH - Black","http://asset.lemansnet.com/z/L0IvRS8xL0JFMUYxMzVFLTg3MjAtNEE4NC04QTdCLTc4NTFEOEVCMUQ4Mw==","200","application/x-zip"
"30962","10103342","FEULING PARTS","PU","BA Velocity Stack - Red - Evolution Big Twin/Twin Cam","http://asset.lemansnet.com/z/LzYvQy8yLzZDMjgzODMxLTlFNTEtNEJBNC1CMzRGLUFBQzc2NUVGMkMwOA==","200","application/x-zip"
"30092","06020404","DRAG SPECIALTIES","PU","Forged Aluminum Handlebar Risers - Straight - 3-1/2"" - Black","http://asset.lemansnet.com/z/LzUvRC9FLzVERTA5OTFFLTdENDItNEIyRS1CMjhCLUZCRkJDODQ0MkFFRg==","200","application/x-zip"
"2281","09341364","COMETIC","PU","Oil Pump Cover Gasket - '92-'99 EVO","http://asset.lemansnet.com/z/LzkvMC8wLzkwMDVFODhCLUIyMDktNEEzMy04NEM5LTQ2QUY5NTk3OTFEQw==","200","application/x-zip"
"19536","09341217","COMETIC","PU","Rocker Box Gasket Kit with seals 0.530"" OD Value guides - Screamin' Eagle","http://asset.lemansnet.com/z/LzgvNS9GLzg1RjVFMkRELTgwMjYtNDMwMy04NkRDLTdGQTMwQzZGMDYwQw==","200","application/x-zip"
"28982","20200283","DRAG SPECIALTIES","PU","Replacement Lens - Smoke - Honeycomb","http://asset.lemansnet.com/z/LzkvNy9GLzk3RkIzQTc3LTBGNTEtNEI3RC05QTc0LTJDNzA0MDU4MzJBNg==","200","application/x-zip"
"34131","08021102","MUSTANG","PU","Solo Touring Seat - Black - FL","http://asset.lemansnet.com/z/LzgvQi82LzhCNkU4OTcyLTFCODItNEY3Qy04ODA0LUI1OTYxODhFOTYzMiwvNC82L0YvNDZGM0MwRDctMzQ5MC00NEU3LTk0RUMtMDg0RjU3ODYyNjM0","200","application/x-zip"
"6585","DS189855","Colony","PU","Hardware Kit - Motor Case Studs - Chrome - '70-'78 Harley-Davidson","http://asset.lemansnet.com/z/L0IvMS8yL0IxMkFEOTJBLUM1MDAtNDUyMS05Rjk3LTdDMENFNTg4QTcyQiwvQi8yLzYvQjI2MzhCNzItMkNDRi00MzEwLUJGQTUtMDQ3QkFDQ0IwMTg4","200","application/x-zip"
"17373","06100751","Burly Brand","PU","Handlebar Cable and Brake Line Kit for Clubman Handlebars - '07-'22 XL","http://asset.lemansnet.com/z/LzIvRC82LzJENkREMkZCLTkyQTktNDk1Qy1CMzc3LTU0OUQzQzY2ODkzRQ==","200","application/x-zip"
"18093","06521399","DRAG SPECIALTIES","PU","High-Efficiency Black Vinyl Clutch Cable - 66-5/8""","http://asset.lemansnet.com/z/LzAvMy9ELzAzREMyMjNELUZGMUYtNDYxRi05QTc2LTVFNzExMTY2QUU1OA==","200","application/x-zip"
"35887","06360277","SP CONNECT","PU","Clutch Mount Pro - Phone - Black","http://asset.lemansnet.com/z/LzQvMi81LzQyNURGNzBBLTQ1RDYtNDNBQS1CRjIzLUY2MTRFRDJDQUYxOSwvOC9DL0EvOENBQTNFMzYtMTQ4NC00NzdDLUEzQkYtNTA3QkVBMTdCOEE1","200","application/x-zip"
"31458","16202643","Joker Machine","PU","Bear Claw Foot Pegs - Black - Harley-Davidson","http://asset.lemansnet.com/z/LzYvRC8wLzZEMDUzMUI3LTc5NkYtNEVGMC05MzA5LUM3M0U2MENFRENBRQ==","200","application/x-zip"
"23431","22020294","DRAG SPECIALTIES","PU","Fuel Tank Console Door - Chrome","http://asset.lemansnet.com/z/L0MvRC9EL0NERDc4ODIzLTE1MzYtNDkzNS04Rjk0LTUxNTY2RDM4RUNBRA==","200","application/x-zip"
"17811","06360301","SP CONNECT","PU","SPC+ Phone Case - Samsung Galaxy S22+","http://asset.lemansnet.com/z/L0MvRC84L0NEOEQ4RkJCLUMxQzktNEZCMy05MDgxLTcyNEE5OTQwRDE5Ng==","200","application/x-zip"
"20234","11050213","Arlen Ness","PU","10 Gauge Top Transmission Cover - Black - M8","http://asset.lemansnet.com/z/L0EvOC85L0E4OTlCRDhDLUMxMEYtNDhGQi05Nzk5LUM3QjUyRTcxOTk1OCwvMy83L0YvMzdGMjAyNUItNjBDQS00MjNDLUIxQkMtNTdEQUNDQTlCRTU0","200","application/x-zip"
"19428","06510888","MAGNUM SHIELDING","PU","BYO™ Build Your Own™ Control Cable Kit - Idle - 90° - Black","http://asset.lemansnet.com/z/LzAvRS9FLzBFRUVDM0RELTJBMUEtNDBGRC1CMjUyLTBDRTlBMUUwMkMyRg==","200","application/x-zip"
"654","11070280","DRAG SPECIALTIES","PU","Sprocket Cover - Polished - '91-'03 XL","http://asset.lemansnet.com/z/LzkvQy84LzlDODgwNEU0LTYwNjYtNDJGNi1CQjBFLTk0NzFFNUQ3QzNGQw==","200","application/x-zip"
"34077","08010963","MUSTANG","PU","Heated Deluxe Touring Seat - FL '08-'25","http://asset.lemansnet.com/z/LzMvRC9BLzNEQTM5MTU0LTY4NDgtNEI3OC1CODQ4LTBCN0E4QTlCMTAwRg==","200","application/x-zip"
"3032","DS380016","DRAG SPECIALTIES","PU","Rim - Drop Center - Rolled Edge - 40 Hole - Silver - 21x2.15","http://asset.lemansnet.com/z/LzkvNy9DLzk3QzYzQ0RGLTU2OUItNDEwQy04RDNFLTBDOUE0NkVDRjg1Qw==","200","application/x-zip"
"24476","DS174284","James Gasket","PU","Umbrella Valve Seal","http://asset.lemansnet.com/z/LzIvOC84LzI4OEM1MUM0LUU3ODEtNDY3NC05MEQ3LTQ5RjExNDJFRkRCMg==","200","application/x-zip"
"24522","21201256","Namz","PU","100' Wire Spool - 20 Gauge - White/Blue","http://asset.lemansnet.com/z/LzgvMy80LzgzNEJCRUUxLTM0REMtNEE5RS1BODQwLTE5NkJGODE3Q0Q0RA==","200","application/x-zip"
"33812","06500766","MAGNUM SHIELDING","PU","Black Pearl™ Braided Throttle Cable - 49-5/8""","http://asset.lemansnet.com/z/LzAvRi8wLzBGMEJBQkVDLUMxNEItNEYzQS05NzRFLUIyRUZDRTc1MUUzMw==","200","application/x-zip"
"3882","DS3401","MAGNUM SHIELDING","PU","Sterling Chromite II® Braided Idle Cable for Harley-Davidson - 32-1/2""","http://asset.lemansnet.com/z/LzcvNS80Lzc1NEEyMkZDLTA2MUEtNDI1Ni04QjRFLUVBMTk4MTc0N0M1MA==","200","application/x-zip"
"7788","DS380061","DRAG SPECIALTIES","PU","Quickbob Rear Fender","http://asset.lemansnet.com/z/LzgvMC8xLzgwMTQwQUNFLTA3OTgtNENFMC1BQTZBLTE4NUUyN0YwQTVDMQ==","200","application/x-zip"
"4042","21200530","Namz","PU","Radio Connector 35 Position - Female - Harley Davidson","http://asset.lemansnet.com/z/L0MvMy9FL0MzRUZGN0I3LThBMDctNDZFOC1COTk4LUI1OUVCMUUyODE2RQ==","200","application/x-zip"
"23164","21130676","DRAG SPECIALTIES","PU","Battery Terminals - 5/16"" - 25PK","http://asset.lemansnet.com/z/L0IvQi8wL0JCMEE3RkFCLTJCRjUtNEEyNy1CNzIxLTMyOTlGMEYwOTFGNg==","200","application/x-zip"
"8850","19010008","PRO-ONE PERF.MFG.","PU","Mirror - Weekend Warrior - Side View - Cut-Out - Oval - Chrome - Left","http://asset.lemansnet.com/z/LzUvMS9FLzUxRTIzNEUyLTYwQzktNDVGQS04ODBBLTkwQ0E5RTk1NEU5RSwvOS9ELzEvOUQxN0Y2M0EtMzBBNS00OTI2LTgxODktMjlCNThDQzAzODhC","200","application/x-zip"
"27618","21201356","Custom Dynamics","PU","Wiring Harness - Single Lamp","http://asset.lemansnet.com/z/LzEvRi8xLzFGMTM5NzAzLURDREItNDhCMi1CRUI3LTI3MThFNkIzOEY1QQ==","200","application/x-zip"
"34740","DS310034","Progressive Suspension","PU","412 Series Shock - 11.5"" - Standard - Black - H-D","http://asset.lemansnet.com/z/LzEvOS9GLzE5RkY4MEZGLTA5REQtNDJEMS05NjgyLTIzMjEwRjdBODNBNA==","200","application/x-zip"
"34628","13100481","Progressive Suspension","PU","412 Series Shock - 11.5"" - Heavy Duty - Black - FL","http://asset.lemansnet.com/z/LzEvOS9GLzE5RkY4MEZGLTA5REQtNDJEMS05NjgyLTIzMjEwRjdBODNBNA==","200","application/x-zip"
"13615","10220084","DRAG SPECIALTIES","PU","Idle Air Control Module","http://asset.lemansnet.com/z/LzcvRC84LzdEODZBMzkzLTM2NzUtNEFEMi1CQkNCLTAwMzUxM0FENEMzMg==","200","application/x-zip"
"10401","13101947","LEGEND SUSPENSION","PU","REVO ARC Piggyback Shocks - 13"" - Heavy Duty - Clear - '84-'00 FXR","http://asset.lemansnet.com/z/L0YvRC8xL0ZEMUFGRDM2LUJCNzAtNDc4Mi05MUJBLUE1MzkxRDkzMzZCNCwvMi8yLzkvMjI5NkY2NDgtRDlFNC00NDExLThCQzEtOTIzQkFGMjgxNERC","200","application/x-zip"
"6689","12231465","DID","PU","530 VX3 - Drive Chain - 104 Links - Natural","http://asset.lemansnet.com/z/LzQvOS81LzQ5NUNCNUFELUY5RjItNDAxMi1CQThFLTM1NThBMjA5NEM2Mg==","200","application/x-zip"
"30079","06014276","DRAG SPECIALTIES","PU","1-1/4"" Buffalo T-Bar - 8"" - TBW - Flat Black","http://asset.lemansnet.com/z/L0MvMC83L0MwNzg4RUY0LTc3MzctNDMxMC1BNTM4LTVDRTg1RDQ2RTdCQiwvNS9CL0YvNUJGNzI2REMtQUY0Ni00RjVELTlGNzctNTJEMzQyQjU0NEMz","200","application/x-zip"
"35287","08200165","Saddlemen","PU","Security Seat Screw - Rose Gold","http://asset.lemansnet.com/z/LzcvNS82Lzc1NkQzN0MzLUZCRUItNEQ1Ri04OTE3LTFBRTFCNDhERkVBNywvQi82LzYvQjY2RTVCNkUtNjZFMC00NkE5LUE1OTAtMDRDRjYwRjZCMEVCLC83LzQvOS83NDk4NUFGOC00M0I5LTQ3RDEtODFCMS0wQjgyQTk5NDgyNDA=","200","application/x-zip"
"15924","06013977","Todd's Cycle","PU","1-1/4"" Strip Handlebar - 20"" Rise - Black","http://asset.lemansnet.com/z/L0QvQS81L0RBNTE2NUU3LTc2MTMtNDNGRC04QjkwLUU3MURDQzJFQkUyOQ==","200","application/x-zip"
"29050","20300171","DRAG SPECIALTIES","PU","Taillight/License Plate Mount - Curved - Vertical","http://asset.lemansnet.com/z/L0UvNy9DL0U3QzZBNzZELUJGRDUtNEQwOC04Q0YwLUQ5NzNBNUQ5REEwMw==","200","application/x-zip"
"29199","17415763","DRAG SPECIALTIES","PU","Brake Line - +8"" - Black - '15-'17 Softail","http://asset.lemansnet.com/z/LzQvQi81LzRCNTZEMTUzLTQ5RjUtNEUwMi1CRTVELTlFMjQ3NDdBMDI1RQ==","200","application/x-zip"
"10729","06620149","MAGNUM SHIELDING","PU","Black Pearl™ Designer Handlebar Installation Kit - 15""-17"" - '16 FLTR","http://asset.lemansnet.com/z/LzYvNi9ELzY2RDJCNjQ4LTYxOUEtNDMxOS05NTNFLUMwNjAwNzA4MjFGQywvMC85LzYvMDk2QzlBMjQtNzM2QS00ODg4LUFDQjQtNTAyMkMwMkJCOEU3","200","application/x-zip"
"27653","21130318","Custom Dynamics","PU","Magic Power Blocks™","http://asset.lemansnet.com/z/L0YvQS83L0ZBNzJGODRCLUMyRTYtNDg4OS1BNTAyLUYwRjIzMDM4NzcxMg==","200","application/x-zip"
"16917","21040025","MAGNUM SHIELDING","PU","Spark Plug Wires - Candy Apple Blue - FLST","http://asset.lemansnet.com/z/LzQvMS8wLzQxMDg1REQ2LTc1MjAtNDM2RC1CREMwLTk5QzE1RTk0M0I0RQ==","200","application/x-zip"
"10790","17414879","MAGNUM SHIELDING","PU","Brake Line - EZ Align - XR - Stainless Steel","http://asset.lemansnet.com/z/L0MvRS9BL0NFQTBCQjRBLTI3NzMtNEE1Qi05RUZGLUY5OUVGODFGMzBDMiwvMC85LzYvMDk2QzlBMjQtNzM2QS00ODg4LUFDQjQtNTAyMkMwMkJCOEU3","200","application/x-zip"
"11533","06021487","PERFORMANCE MACHINE (PM)","PU","Phatbar & Riser Kit - Internal Wiring - 9"" - Black Ops","http://asset.lemansnet.com/z/LzYvMC9ELzYwRDhCQUVFLUE2QTAtNEUyNy1CRUUyLUY3RUNDNTI0NkNGMSwvRC84LzkvRDg5NDI3QjktM0UyQi00Nzc3LUFFN0MtMDE0MEUwRDQyOEVDLC9CLzMvMS9CMzFDMzMzRS1CQ0E4LTQ0NDktODM2NC1EMjlBQkE3RTVDQjgsLzcvOC8yLzc4MjEyOTVGLTg2NDgtNEJEMS1BMUE1LUY4RjYxQ0NEMTE3OCwvMy84L0MvMzhDNTNERDEtNTBGNy00MzEyLUFBMTAtRTEzNUIzMDlGRERF","200","application/x-zip"
"17939","06500574","Motion Pro","PU","Armor Coat Stainless Steel Throttle Cable - 35-1/2""","http://asset.lemansnet.com/z/LzcvRC9GLzdERjgyM0Q3LTRBNDctNDM3RS1BNTlELTQ5MjRCQzM0RjdDNw==","200","application/x-zip"
"4695","06031143","Arlen Ness","PU","Method Kickback Handlebar Riser - 7"" - Black","http://asset.lemansnet.com/z/L0EvQi8yL0FCMkYyNEI1LUExQ0ItNDZFMS1BQkU2LTkxNUQ4M0MyNkMyOSwvQi9GLzcvQkY3MDU5NDktNEZGNy00NkMyLUI5QkItQjA2RTg4RDJCODEyLC82LzgvRS82OEU5QzFGNy0yM0YxLTQzNEEtODFFNC1BQzc5Njg3NTJGRkEsL0QvQS9BL0RBQTlCMjdCLTgxNDAtNEI2OS04QzU0LUUyRkJDNTI3MkFDNw==","200","application/x-zip"
"27369","35150229","CIRO","PU","Roll Top Bag - 60 Liter","http://asset.lemansnet.com/z/LzAvRi9FLzBGRTZBOEI5LUU1MUMtNEVCNy04NEQ3LTgzNUREQjMxOEY1OCwvNC8yLzEvNDIxOUQwQjQtRTg4NS00QTc2LUE4NzgtQTQxRUFFNjQ3NjNCLC84LzcvRi84N0ZENDRBRC1GNkMyLTQwN0MtQkI0RS1ENUQwRTgyMzgyMjcsLzQvRS9DLzRFQ0IzMEY4LTE5MDktNEZCMi1CNUFFLTE1MjlCRUU3MjY2NSwvRC83LzgvRDc4NEM3M0QtQUJCOC00OTdCLUFDRTItOTE3MjIzNTVFODY3LC8xL0YvRi8xRkYxMDAyRi1ERUE1LTREMEQtOThGOS05MjYxMjFEMTYwMUMsL0QvNS8wL0Q1MDFEN0FFLTJDRUYtNDgwNi05NTVCLTVDMTgzMDBDMUNDRQ==","200","application/x-zip"
"7021","08020729","DRAG SPECIALTIES SEATS","PU","One Piece Smooth Seat - Driver Backrest - FLST/FXST '84-'99","http://asset.lemansnet.com/z/L0QvMy9DL0QzQ0IzMkQ2LTAwQ0UtNDhENi1BNzVFLUE0QkM5MDNBRUU0NCwvQy8yLzMvQzIzNDkxMkItRDAyOC00QUIzLUFDNEEtMTIyNEE1NEMwRTlELC82L0IvRC82QkQ0Njk3QS03OTU3LTQyRTAtOEFEMS03NDU0RkEzRjY1M0EsL0UvOS82L0U5NkE1NEZELUYzNjUtNEFBRS1CRUY4LUI5M0VBQzdGQUYxNSwvRi84LzYvRjg2MURBNjUtQTM3NC00QkQzLUI5QTQtODI5QThGMDkxNzY5","200","application/x-zip"
"31280","17416570","Goodridge","PU","Universal Brake Line - 14"" - Black","http://asset.lemansnet.com/z/L0IvMy9BL0IzQTFCODJDLTMxRTUtNDE2My05OEYwLUE4REMwQTNEM0QzQQ==","200","application/x-zip"
"3477","HF173C","Hiflofiltro","PU","Oil Filter - Chrome","http://asset.lemansnet.com/z/L0MvMS9GL0MxRkEzMTVCLUJBNUUtNEExNS04NEQzLTQ3Mzc4QTUwRTQ0Mw==","200","application/x-zip"
"31417","06100583","Joker Machine","PU","Front Brake Master Cylinder Cover - Joker Logo - Black","http://asset.lemansnet.com/z/LzAvNC83LzA0NzVEREQ2LUI2MEYtNEZCNi05QjQ3LTJENTYzRjEwMENFNSwvMS84LzAvMTgwNTQ1QUYtRTEzMC00NjdDLTk4NUMtMkE1NDYyRDBFOEVF","200","application/x-zip"
"26061","06303386","Arlen Ness","PU","Diamond Grips - TBW - Brass","http://asset.lemansnet.com/z/LzkvRC9DLzlEQ0Y4NTc2LTI0MDctNDUzRC1BMTVBLTk3ODI2OEMxMzExQg==","200","application/x-zip"
"12391","09250524","S&S Cycle","PU","Camshaft Kit - Easy Start - 585 Chain Drive - Big Twin '99-'06 (except '06 Dyna)","http://asset.lemansnet.com/z/LzAvNC81LzA0NUNFMkNDLTJGNzYtNDE4MS1CNjA1LTk3MjM3Njg0NzI5Qw==","200","application/x-zip"
"8975","16030413","Joker Machine","PU","EZ Shift Peg/Brake Pedal - Black - M8","http://asset.lemansnet.com/z/LzgvRC85LzhEOTM1RjczLUJFMjUtNEMzNS1BRUY1LTM3OTM2QUU4QkYwMw==","200","application/x-zip"
"15853","10030022","S&S Cycle","PU","Cruise Control Adapter Kit - '98-'99 Big Twin/'99-'06 Twin Cam","http://asset.lemansnet.com/z/L0MvMS9FL0MxRTdEMEU2LTE2QTktNDgxOS05RDMwLTU1QzNFMzJBQTg5Qw==","200","application/x-zip"
"703","11320280","Eastern Motorcycle Parts","PU","Snap Rings - Clutch Bearing - For 5-Speed","http://asset.lemansnet.com/z/L0QvRi83L0RGNzQzOTBBLTcxMzItNDg5QS04ODJFLThGQUE4NzhCNTJBNg==","200","application/x-zip"
"10090","06016714","LA Choppers","PU","Performance Handlebar - Mid - Chrome","http://asset.lemansnet.com/z/L0YvNS80L0Y1NENCMUYwLTYxOEQtNDA2OS1CM0VCLUE5NkYzRjdFQTA5NiwvNC8yL0IvNDJCNjMzQTYtREVCMS00MDBCLUEzMTUtNEE1REExRTExREVB","200","application/x-zip"
"24907","DS240050","DRAG SPECIALTIES","PU","Kickstand - Chrome - 11-1/2""","http://asset.lemansnet.com/z/LzMvQS80LzNBNDJGNzkxLUZBQTItNDk5Ni05REQ5LTBEQUEzMTg1QUVEQg==","200","application/x-zip"
"12777","10102307","Arlen Ness","PU","Inverted Series Air Cleaner Kit - Chrome","http://asset.lemansnet.com/z/LzYvQy9BLzZDQTNDOThBLTVGNzUtNDhDOS05N0VELTlGOUNDM0RGNTIzNCwvRi8yL0UvRjJFNzI4QTYtMkZCNy00NzI5LUIzODUtOURFRjYwQTJFMEY3","200","application/x-zip"
"10719","06523128","MAGNUM SHIELDING","PU","Sterling Chromite II® Quick Connect Upper Clutch Cable - 49-1/4""","http://asset.lemansnet.com/z/L0UvMy8wL0UzMEUxRTBFLThBQjctNDU3RC05OTU1LUM2RDQwODlBQjlFNA==","200","application/x-zip"
"33907","23110064","MEMPHIS SHADES","PU","El Paso Windshield - 13"" - 7"" Headlight Cutout - Black Smoke","http://asset.lemansnet.com/z/LzIvMy8xLzIzMTBDNjcyLTMyQTEtNEI3My05MjRCLUQ5NzcyNTU2QzEwOA==","200","application/x-zip"
"29350","24010970","DRAG SPECIALTIES","PU","Bolt Kit - Rocker Cover - Knurled/Socket-Head - Chrome - M8","http://asset.lemansnet.com/z/LzgvRC9FLzhERTkyOTQ2LTE1NDUtNEQ5MS1CNDk4LUNCODQ3M0ZGMjAzOSwvNS9GL0QvNUZEQkU4RjEtRDk3OS00MkY3LTgyMzUtODQwMEUyNUM3MkMz","200","application/x-zip"
"144","DS325364","DRAG SPECIALTIES","PU","Rear Brake Lever - Chrome - FL","http://asset.lemansnet.com/z/L0QvQS9EL0RBRDE0NUY5LTA0MEItNDg0MS05MTgwLTZDN0YwMUUzQzgzNg==","200","application/x-zip"
"28326","12250175","DRAG SPECIALTIES","PU","530 Series - O-Ring - Connecting Link - Clip","http://asset.lemansnet.com/z/LzUvRS8xLzVFMTU3QkMyLUFENzgtNDk4OS1CMzA5LTRGQzk0M0UzRjM4Mg==","200","application/x-zip"
"23523","06523423","MAGNUM SHIELDING","PU","Redesigned Polished KARBONFIBR Clutch Cable - 70-11/16""","http://asset.lemansnet.com/z/L0UvRC9FL0VERTMyRDAwLUZEMDgtNDg2Qy05M0FBLThDNzYzRTZCRTk1QQ==","200","application/x-zip"
"36335","38070334","Tecmate","PU","Adapter - Plug to SAE","http://asset.lemansnet.com/z/L0IvOS85L0I5OTU4MTY5LUE1RjktNDUzMy04QkE4LTcyNUM1MDAxNzI1RCwvMy85LzAvMzkwMTRBNEItM0ExNS00NEMzLTg5NDgtMTBBRDQ2NkU0RDkyLC8wL0QvOS8wRDk5MkVGNi1CMTkwLTQ2RjktQTJGNy0wMEEwOEMxNDk1Qzg=","200","application/x-zip"
"24451","DS110854","DRAG SPECIALTIES","PU","Saddlebag Support - FL '58-'86","http://asset.lemansnet.com/z/LzEvMi9ELzEyRDIyRjJFLUIyOTMtNEU1Mi1CODhELUQxMTdEQzYwQjJFNA==","200","application/x-zip"
"31875","18610525","Koso North America","PU","Weld-On EGT Bushing","http://asset.lemansnet.com/z/LzQvRS8zLzRFMzgxOTRCLTg1RTktNERCRC1BMkUzLUVCQzhBNDlGODI2Qw==","200","application/x-zip"
"23803","24010602","Colony","PU","Mounting Kit - Light - XL","http://asset.lemansnet.com/z/LzcvMy84LzczODM3QTlDLTJFNTItNEJGQS1CNjcyLTQzNUFBNjE4Qjg2Qg==","200","application/x-zip"
"34396","06020783","PAUL YAFFE BAGGER NATION","PU","Handlebar Riser Spacers - FLHR","http://asset.lemansnet.com/z/L0EvRC9DL0FEQ0I3RkRGLTEzQzUtNDUxQy1CODlDLUMxNjAxRTgxQjMyQQ==","200","application/x-zip"
"19420","DS242298","DRAG SPECIALTIES","PU","Advance Unit with Bolt - Harley Davidson","http://asset.lemansnet.com/z/LzAvNy84LzA3OEJFRDA2LUU4NzgtNDM5Qy1CMTZCLUZGN0Y1OUM4NUJEQw==","200","application/x-zip"
"6392","18002284","Cobra","PU","El Diablo Exhaust - Chrome - '12-'17 Softail","http://asset.lemansnet.com/z/L0MvOS81L0M5NTQ0RTAzLTRDOEItNEM2Qy1BNDYxLTY5Qzg0RjY2MUY0RiwvMi8xLzAvMjEwRkQ3MTYtNjg5OS00M0Q2LTlGMUMtMTc5RTU2NDA5MjY0LC8xLzAvRS8xMEVFRTgyQS02OURBLTQ5QTItQkU5Qi03NEE1QjM3MENCMEUsLzAvNS84LzA1OEUwMThFLTRBNTMtNDVBNS1BMkIwLTNGQzIxMTk3MkExMywvMi8xLzAvMjEwRTI1MDItODA5MC00MkNBLTg0QzEtNkZBNjI4MTQ3QTU0","200","application/x-zip"
"2927","DS194450","James Gasket","PU","Mainshaft Double Lip Seal - XL","http://asset.lemansnet.com/z/LzQvQy9DLzRDQzZDRUUyLThENTEtNEQwNi1CRjdGLUIxRUVERkZDQjBDNg==","200","application/x-zip"
"20347","11200044","BELT DRIVES LTD.","PU","Rear Pulley Cover - Replacement - 5 Hole","http://asset.lemansnet.com/z/LzEvRC8xLzFEMUEzNkIzLUJFOUUtNDMxOS04N0FFLTgxQkM1NUE4NDQxMA==","200","application/x-zip"
"35650","08030211","Saddlemen","PU","Renegade™ Smooth Pillion - Dyna '06-'17","http://asset.lemansnet.com/z/bWVkaWEvZmNhMWJkZjEtOWVjZS00MTgzLTkxN2UtMDkzNWQ5ZmRmMzkzLC80LzYvQS80NkFBQzBCNS05RDJELTQ4RkUtQjA0Mi0wNTBFMzcyQkM1ODU=","200","application/x-zip"
"34007","07060046","Motion Pro","PU","Premium Fuel Line - Black - 5/16"" - 3'","http://asset.lemansnet.com/z/L0YvOS9GL0Y5RjQxRjUzLUI0MDEtNDdDQy04RDg5LTZDQ0ZGQUYzNEQxMQ==","200","application/x-zip"
"32220","06012705","LA Choppers","PU","1-1/4"" Twin Peaks Touring Handlebar - 18"" - Chrome","http://asset.lemansnet.com/z/L0EvMi9GL0EyRkNEMEI0LUY4MjYtNDAzQS04NzNELTM0Q0NDNTBFNUNCRSwvQi8xL0QvQjFERTEyRjEtN0RCRC00RUZCLUJEQTYtMzk5M0NBQzE3Qzgx","200","application/x-zip"
"26731","18002376","BASSANI XHAUST","PU","Fishtail Exhaust with Baffle - 33""","http://asset.lemansnet.com/z/L0EvOS9CL0E5QjU1NzJCLTg3RTktNDcyRS1BODQ3LUI4NkFGMzA5RTA5RA==","200","application/x-zip"
"4209","DS199457","Andrews","PU","Main Drive Gear with Belt Drive - '91-'95 Harley-Davidson","http://asset.lemansnet.com/z/LzcvOC84Lzc4OEIzOEY2LTAzNUMtNEJDNS05RDE5LTQ3MjIyMzg5NjBENw==","200","application/x-zip"
"9655","23100863","Klock Werks","PU","Ice Flare® Windshield - 10"" - Yellow Ice - '23-'25 FLTRX","http://asset.lemansnet.com/z/L0QvOC82L0Q4NjRBOEYzLUQyMEEtNDEyNi05QkQ4LTczOUJBM0ZDRjNBOCwvMS8yLzYvMTI2MDZDMTctOTgxNy00MkJDLThCNTYtOTQzMjM5ODJDNTBDLC8xL0IvNy8xQjdFNkYwNy1BODIyLTRDOEUtQUUwMC1DNzc2MDQ2M0ZGNDEsLzgvNy9FLzg3RTVDQUFELURBNUEtNDRBQS1COEVBLUI0M0REMTg3QzY2NSwvNy9BLzEvN0ExNDZDMzMtRjg5NC00NDMwLUE0QjMtQ0UxNjQ1MTlCOUYz","200","application/x-zip"
"2656","16201843","DRAG SPECIALTIES","PU","Peg Pins - FL","http://asset.lemansnet.com/z/L0YvNi83L0Y2N0NFODAzLTM3QTUtNDYyNS1BNzhDLTM0RkQxMEZEMTgxMQ==","200","application/x-zip"
"25421","DS905925","Le Pera","PU","Daytona 2-Up Seat - Without Backrest - Smooth - Black - Softail '84-'99","http://asset.lemansnet.com/z/L0YvRC8xL0ZEMUI0N0Y2LUJFOTAtNDVCNC1BMjc5LTg5RUJDMTAyRUUyMg==","200","application/x-zip"
"4330","21200901","CIRO","PU","Wiring Extension - 3-Wire","http://asset.lemansnet.com/z/L0YvRC82L0ZENjdFNTMzLTVEOTYtNERCRC1CNDZFLThBMENCM0MxNDk3Qw==","200","application/x-zip"
"25782","09251365","Andrews","PU","Camshaft - M520 - M8","http://asset.lemansnet.com/z/LzAvRi80LzBGNDZFMEZDLUYyMDAtNERBOS1BNDUwLTI3OUQyQTExRkUwNw==","200","application/x-zip"
"7405","21121039","DRAG SPECIALTIES","PU","Regulator - Chrome - '06-'08 FLHT/FLHR/FLHX/FLTR","http://asset.lemansnet.com/z/L0IvNC9DL0I0Q0E4Rjk1LUE4NzEtNDgzMy1BODg0LTBFNzdERjBCMzI0NywvOC84LzEvODgxQUVCRkMtNDc1MC00N0ZDLUJFM0ItNzc0NUFEM0QyNDEx","200","application/x-zip"
"25838","14010723","Arlen Ness","PU","Pro Short Front Fender","http://asset.lemansnet.com/z/L0IvRS9EL0JFRDAwOTZELTdFMDctNDdCQi1BNTJBLTExNzBFMUU4MDgxQiwvNS84L0YvNThGMjA4QTUtM0ZBNC00OTgzLTlFNEUtMzZBNDY1MTI5OThD","200","application/x-zip"
"26613","DS223899","Barnett","PU","Black Vinyl Throttle Cable - 35"" Length","http://asset.lemansnet.com/z/LzcvRC80LzdENDY5RjA1LTQwQTItNEZCMy1CNzdDLTNENTNGQzY0M0RBMSwvQi8zL0QvQjNEQjYwQzUtNUREMy00RDcxLTk4MkQtMjU0NjBGQjZFNDhF","200","application/x-zip"
"27541","20402812","Custom Dynamics","PU","LED Vent Insert - Amber/White - Black w/ Stainless Mesh","http://asset.lemansnet.com/z/LzAvNC81LzA0NTBFNjg3LTcyMjAtNDg5Ri1BNDMwLUJEMUNFNTM1N0Y5MCwvMi80LzEvMjQxNkFEMUMtODA5RC00QjRGLTg0MUYtQjhBREJDRTAzODQ2","200","application/x-zip"
"8270","08020765","MUSTANG","PU","Wide Solo Seat - With Backrest - Vintage - Black - Smooth - FL/FX '11-'17","http://asset.lemansnet.com/z/bWVkaWEvNTEzYjUzZTAtYTdjYS00MmM0LThiMGQtMmZhMTM2ODM2ODlmLC85L0UvNi85RTZFNURGOC04QjUzLTQwQzYtOTkwOS1BNjJENkJDQzkyODYsLzUvMS9ELzUxREYyMThCLUY2OUQtNEM2NC1BOEJBLTEwMkRGMkIyNDc2NiwvNC8wLzUvNDA1NTc0QzUtMTRGQy00RUE3LTkwQjQtRjA1RjUwNEQxNjVD","200","application/x-zip"
"17767","06320552","PERFORMANCE MACHINE (PM)","PU","Throttle Housing - TBW - Black","http://asset.lemansnet.com/z/L0EvNS8zL0E1Mzk2NDhDLTJFQzctNDY5OC04QzUzLTM1NUZDNzZCRDQ4Rg==","200","application/x-zip"
"18169","06522833","LA Choppers","PU","Black Vinyl Clutch Cable - 18""- 20"" Ape Hanger Handlebars - '21-'22 Road Glide","http://asset.lemansnet.com/z/LzMvOC8wLzM4MDk2RUJGLTEzRTYtNDM0Ri04NUUzLTY3MTU2MUU4MEQ4Nw==","200","application/x-zip"
"32861","08030537","Le Pera","PU","Cherokee Seat - Diamond Pleated - Black - FXDWG '96-'03","http://asset.lemansnet.com/z/LzIvMS9CLzIxQjM1MTZELTgyQjUtNEVGMy1BRDY0LTEwQzlGQTMwOEFERQ==","200","application/x-zip"
"14752","06620822","FAT BAGGERS INC.","PU","Installation Kit - +4"" - Braided","http://asset.lemansnet.com/z/LzQvQy8xLzRDMUFCRDk0LTAyMTItNDI3OC04NEUwLTE0MUVDOTMyRjAyNA==","200","application/x-zip"
"31899","20201924","KODLIN USA","PU","Fender Strut Adapter - Rear - Chrome","http://asset.lemansnet.com/z/bWVkaWEvODM0Zjg0ZTEtNDUzYi00NjRlLWJlN2QtYjU1ODhlNGJmNWQx","200","application/x-zip"
"12857","10103209","Arlen Ness","PU","Performance Air Filter Kit - Stage II - Chrome","http://asset.lemansnet.com/z/L0MvRC8xL0NEMTZDRDQ3LTJDODMtNEU2MS04MTZBLTI1Q0MzMjhERjE5RiwvNy9EL0QvN0RENzlGODEtNTRFNC00QjEwLTk3QzktQjJBODMwQjg5RkE4","200","application/x-zip"
"2398","09345941","COMETIC","PU","Upper Rocker Box Cover Gasket - .020"" - '17-'24 M8","http://asset.lemansnet.com/z/LzkvNi8wLzk2MDcxRjFELUE2RkUtNDQ3MS1BMEIxLTc3MTcwMzAzNzdFMg==","200","application/x-zip"
"987","06510369","Motion Pro","PU","Armor Coat Stainless Steel Idle Cable - Cruise - 41""","http://asset.lemansnet.com/z/LzcvRC9GLzdERjgyM0Q3LTRBNDctNDM3RS1BNTlELTQ5MjRCQzM0RjdDNywvMC9BL0YvMEFGOTA0NDAtOTRGQS00MjBCLTg4RTAtRjg5MEUzQTNCOUUz","200","application/x-zip"
"1991","DS530602","DRAG SPECIALTIES","PU","Rear Master Cylinder Cover - 86-99 FLST","http://asset.lemansnet.com/z/L0QvMS82L0QxNkVBQTMzLTUxNTMtNDIzNS1BMkMxLTRBNzgzRUQ1QTRBMg==","200","application/x-zip"
"4547","10103390","Arlen Ness","PU","Stage 2 Method™ Air Cleaner Kit - Black","http://asset.lemansnet.com/z/LzgvMS80LzgxNDRGOUJFLUJGODktNEZCQS05OEVCLTlGOEJFOUY2MDBCNw==","200","application/x-zip"
"25727","78061033","Alloy Art","PU","Strut Light - LED - Red/Smoke - Chrome","http://asset.lemansnet.com/z/LzUvMy8xLzUzMUVCNzIyLTk5NkYtNEM4MC04RjJFLTRCMDRCQzMwNEJGNA==","200","application/x-zip"
"6622","17415465","MAGNUM SHIELDING","PU","Brake Line - 38"" - Black Pearl","http://asset.lemansnet.com/z/L0QvOC81L0Q4NTNDRUQ3LUFCQTMtNDAzMi04NTg0LUFCNzNBNTA1QUY5QixtZWRpYS83MTlmOTdlZS1kNzRiLTQ0ZDItODA4Zi1jZTY0MDY1MmExZWYsLzAvOS82LzA5NkM5QTI0LTczNkEtNDg4OC1BQ0I0LTUwMjJDMDJCQjhFNw==","200","application/x-zip"
"29977","03500889","DRAG SPECIALTIES","PU","Rim Strip - 16"" x 2-1/4"" - Center Valve Hole - 10 Pack","http://asset.lemansnet.com/z/LzgvNi8xLzg2MURFOTM5LUYwNTQtNEM4Ny1BMDU3LUExNkRGOEMyMUI5MiwvMy8yLzAvMzIwQjRFRkYtODNERC00MTA4LUI3NEItNkU0OTI4NUU5MjI1","200","application/x-zip"
"16057","18002729","Vance & Hines","PU","Shortshots Staggered Exhaust System - Black","http://asset.lemansnet.com/z/LzUvNi9FLzU2RTM2ODdDLUJGODUtNDhDMi04RTMzLUJCMUU1QTM5MUM2MywvNi9CL0QvNkJEMDBGNEYtNDM4Ni00OUNBLTk1NzktQUQ0Mjc0QkE1Q0E3LC8zLzkvRS8zOUUzQjBDNS0zODE5LTQ4NkYtOUUyMC03NkNGRTYzRDIxNDc=","200","application/x-zip"
"32874","08010195","Le Pera","PU","Sorrento 2-Up Seat - Stitched - Black - FLHR '02-'07","http://asset.lemansnet.com/z/bWVkaWEvMTFiYmY5OWQtZGU4OS00NWE4LWFkNzItYjYxMzhmZmE2YTA4LC9FLzAvRC9FMEQ4OTI3Qi1BOUUwLTQ2NDYtODlCNi02OEM3MjFFOTlCMzcsLzYvRC84LzZEODk4NDg4LURDMUYtNEUyRS1CMkIxLTYxQzU5NEMxNDk1MCwvNy81LzYvNzU2MzYwMEEtMjJENi00MzkzLUFFNzQtMTMyMEVGNTU3OTk3LC81L0UvQi81RUJBNDY3QS05QTBFLTRDQjYtOEI5Ny01MjhDNUJGODkwMDU=","200","application/x-zip"
"30046","06100689","DRAG SPECIALTIES","PU","Front Brake Master Cylinder Assembly - 9/16"" - Black","http://asset.lemansnet.com/z/L0EvRi83L0FGNzdFQkE1LTIzMjctNDc2Qy1CQjE4LTZBOEMwQjdCODY5Ng==","200","application/x-zip"
"3141","08073017","DRAG SPECIALTIES","PU","Ignition Sensor Assembly - Harley Davidson","http://asset.lemansnet.com/z/LzEvRC9ELzFEREFBQjdCLUM0NjAtNEI4MC1BMjk2LTMyMEU2NzAwNEYwRQ==","200","application/x-zip"
"7820","DS290112","DRAG SPECIALTIES","PU","Buffalo Billet Aluminum Handlebar Risers - 5-1/2"" - Chrome","http://asset.lemansnet.com/z/L0QvMS8wL0QxMDU5MDIxLTVBQ0QtNDQ1Ny04RUY2LTA1QkZGMjlFM0U2Qw==","200","application/x-zip"
"20232","11040005","JIMS","PU","6-Speed Transmission Rebuild Kit - '07-'16 Touring/Trike","http://asset.lemansnet.com/z/L0QvQy9BL0RDQTIzQzNDLTkzQkEtNEVDNi1CQ0MzLTM1MTIyNzBDOTlFRQ==","200","application/x-zip"
"10935","MEM9884","MEMPHIS SHADES","PU","Lowers Hardware - 35-43 mm Forks","http://asset.lemansnet.com/z/L0MvQy9DL0NDQzdCQTcwLUVDRjQtNDU2Qi05MUNFLThGQjdGRTdBNTgyNg==","200","application/x-zip"
"3986","21201421","Namz","PU","Female Connector - ECM - Female - 18-Position - Brown","http://asset.lemansnet.com/z/LzAvMS9BLzAxQUQ4MjE5LTU4REUtNDFGRC1CQjhCLTlCNjUzODBFQTRFNw==","200","application/x-zip"
"30764","06621077","FAT BAGGERS INC.","PU","Installation Kit - 14"" - Black","http://asset.lemansnet.com/z/LzEvMy8yLzEzMkFDRkVGLTIwMzQtNEU4MC1BMTA3LUZFQzExNEZDOTAxMQ==","200","application/x-zip"
"36088","09010226","S&S Cycle","PU","V96R Series Engine - Black - Custom Chassis | Evolution Big Twin","http://asset.lemansnet.com/z/L0YvQy8yL0ZDMkI5QjVGLUQwMDYtNDgxQy1CRURFLTI5ODAxRTNERkVERQ==","200","application/x-zip"
"1961","DS325342","DRAG SPECIALTIES","PU","Brake Shoes - '49-'71 Big Twin/ '54-'78 XL","http://asset.lemansnet.com/z/LzEvQS82LzFBNjdDRDdDLTdCMDQtNEZBMS05MkYyLTYyNzFDMzkyQ0Y4OQ==","200","application/x-zip"
"17563","17411630","MAGNUM SHIELDING","PU","Brake Line - Rear - Sterling Chromite II","http://asset.lemansnet.com/z/L0UvNy83L0U3Nzc5QTQxLTc5OEQtNDNCQi1BOEZDLTQzNDg5MEMxMTdDQSwvMC85LzYvMDk2QzlBMjQtNzM2QS00ODg4LUFDQjQtNTAyMkMwMkJCOEU3","200","application/x-zip"
"18044","06510713","Motion Pro","PU","Blackout Idle Cable - 36""","http://asset.lemansnet.com/z/LzIvMC9BLzIwQUJENjIyLTcxOEEtNEUyNS05NDU5LTVCMkE0MThCRDRBNw==","200","application/x-zip"
"6675","17414119","MAGNUM SHIELDING","PU","Mid Brake Line - ABS - Polished Stainless","http://asset.lemansnet.com/z/LzcvNy9DLzc3Q0MzQkQ1LTREQ0ItNDkxOC1CNjQwLTI4QTEzODE2NEQ5NA==","200","application/x-zip"
"8439","06016148","FAT BAGGERS INC.","PU","EZ Install Wired 1-1/4"" Pointed Top Handlebar Kit - 14"" - Chrome","http://asset.lemansnet.com/z/LzgvMS80LzgxNDhCRDZCLTFBQjQtNDlFNS05Q0NGLTU3QzNFRkNCQzg1Ng==","200","application/x-zip"
"1784","DS198975","KIBBLEWHITE","PU","Valve - Intake - 1.935"" - Standard - XL","http://asset.lemansnet.com/z/LzgvOS80Lzg5NERBOTlBLUQ5RjQtNDEzQy04Q0NCLURGREVGQ0M2QjVGRg==","200","application/x-zip"
"30297","06100798","DRAG SPECIALTIES","PU","Brake/Clutch Lever Assembly - Chrome","http://asset.lemansnet.com/z/LzkvNS9BLzk1QUJDRTEyLUQxRjQtNERCOC05QTIwLUI2MDdDN0I5QTVDNQ==","200","application/x-zip"
"13521","16210350","DRAG SPECIALTIES","PU","Sweeper Floorboards - Passenger - Black - FL","http://asset.lemansnet.com/z/LzMvNC8xLzM0MURCQUYyLTA2NzYtNDA1NS04MjExLTNDMzRFMEIzNzU4RA==","200","application/x-zip"
"6079","20012208","Custom Dynamics","PU","Fog Light - Chrome - Clear Lens - Universal","http://asset.lemansnet.com/z/LzMvOS9CLzM5QjRERDI5LTI2MUItNDc3RS04MEFDLTBBMjg2M0JFQjZBRA==","200","application/x-zip"
"25693","04030156","Alloy Art","PU","Fork Legs - 49 mm - Lower - Clear Anodized","http://asset.lemansnet.com/z/LzAvNC9BLzA0QTQyMTlGLUI2OEMtNDM4NS1BNEJELTY1QTI3MTUwOEEzRQ==","200","application/x-zip"
"34476","20402995","PAUL YAFFE BAGGER NATION","PU","Lightning Bolts - Red - Brass","http://asset.lemansnet.com/z/LzkvMS85LzkxOUE2NTgwLUMyQTctNDY3Ni04NDIyLTQ0RjBCOEQ1NDRDRg==","200","application/x-zip"
"4982","20403477","Custom Dynamics","PU","Micro Bullet Turn Signals - LED - Amber/Red- Chrome","http://asset.lemansnet.com/z/LzIvMy9FLzIzRTVCMEM3LTRBRDktNDBFNy05NkI5LURDMTIwN0UyRTQ2NQ==","200","application/x-zip"
"16891","06014447","LA Choppers","PU","Kage Fighter-T Handlebar - 8"" - Matte Black","http://asset.lemansnet.com/z/LzgvNS83Lzg1NzkyQkJGLTBDMTUtNDAwNC04QjBFLUYxN0ZEMzUxQzg4NSwvQS9GLzkvQUY5MDRCNzUtNURFNy00MjI2LUFCMDMtMTdBOEMzMjA1MTE3","200","application/x-zip"
"17227","06021036","LA Choppers","PU","Kage Fighter Handlebar Risers - Pullback - 10"" - Black","http://asset.lemansnet.com/z/LzcvRS8wLzdFMDVDMjgxLUJCQTktNDNDQS1CRjdDLTkyNkY5RTRFRTlCNCwvMS82LzgvMTY4MDlCMzEtRDUyRC00NDU5LTk5REMtNkNBNUI3MkI2QzI1","200","application/x-zip"
"8806","17240007","Goodridge","PU","Brake Hose - Ebony - -3 - 25'","http://asset.lemansnet.com/z/LzAvRC80LzBENDhGRUNDLUM5OUYtNDYyOC1BQjE3LURBQkM1NjlERkFGRA==","200","application/x-zip"
"21345","17010613","Arlen Ness","PU","4-Piston Caliper - Left - 11.8"" - Black","http://asset.lemansnet.com/z/L0MvQi9BL0NCQThENEQ3LUY5MTUtNEVFOC1BRENELTRBNDBFMzNEMkFBRiwvOC8wLzUvODA1QkMzNkMtNjQ1RS00Mzg3LThFMUItOEY5Qjg1QjM2MzE1LC80LzgvQi80OEJCN0Y2NC0zRjAxLTQyNTYtQTg3NS1EMjhCNkQ4MTQ2NDM=","200","application/x-zip"
"8814","11312E","Goodridge","PU","Brake Line - Ebony - 12""","http://asset.lemansnet.com/z/LzEvMi9FLzEyRUI1N0E3LTkzNEMtNEI5My05RUU2LUM3NzJDMTNCMTE4Mw==","200","application/x-zip"
"18819","08012142","Saddlemen","PU","Roadsofa™ Seat - without Backrest - Plain - FLRT/FLTRT '15-'25","http://asset.lemansnet.com/z/LzUvMi8xLzUyMUMwQzI5LTEzRkItNDE0My05QjA1LUNCMzc1NEMxNTg0Mw==","200","application/x-zip"
"25757","09280027","Andrews","PU","Aluminum Pushrods - Big Twin","http://asset.lemansnet.com/z/LzgvNS8zLzg1MzhDNjlELTU3QjktNDA2Ri04MDJGLTE1NjlGQjFBNjk2MA==","200","application/x-zip"
"26042","04080317","Arlen Ness","PU","7&7 Raked Triple Tree - Black - 7° Rake","http://asset.lemansnet.com/z/L0YvQy9EL0ZDRDcwRjgzLTFDQkItNEVBMy1BMTcyLUM3NkIzQkY2MThDMg==","200","application/x-zip"
"3595","DS173424","James Gasket","PU","Inner Primary Bearing Seal - '99-'17 Big Twin/L'84-'99 EVO","http://asset.lemansnet.com/z/LzIvNS9CLzI1QjM5NUIwLTFBQjktNEVCMC1BRUZGLUUwQzFGNjE1RkI4NQ==","200","application/x-zip"
"31198","35020625","GIVI","PU","Tanklock Ring - Harley-Davidson","http://asset.lemansnet.com/z/LzUvOC8xLzU4MTM4MTY1LUUxQkYtNEVBOC05Qjc2LURCMTAzNThBQTQ0MywvMy83L0UvMzdFODMxODQtRTYxNi00MEM5LTgzRTQtNjFBQjQxRkM3ODdB","200","application/x-zip"
"31848","06021461","KODLIN USA","PU","Fastback Risers - Includes Clamp & Gauge Bracket - 10"" - Black","http://asset.lemansnet.com/z/LzcvNi9BLzc2QTU0MzAxLUFDREItNEY0Mi1CNDNELTdDQzk1MDY2RjBDNA==","200","application/x-zip"
"31623","18002766","Khrome Werks","PU","2-into-1-into-2 Dominator-SR Exhaust System - Eclipse - Without End Caps - M8 Touring","http://asset.lemansnet.com/z/L0EvOS9BL0E5QTc0MzE2LTJCRkEtNERFMi1CMzkyLTQ5QkU5MTRFMzdERiwvNS84L0EvNThBQUJBMDMtMDM2RS00NTkyLTkwRUItQTdFN0FBNTRDRThDLC9GL0EvMy9GQTM4MDFBQy1BQzQ2LTQyRUYtQTQ0NS04M0FGRkZEMDNGNjMsLzMvNC9CLzM0QjVGQUE5LTc1OUMtNDhCNC04QTFDLTFGRDJBNkFEQjA2QywvRi81LzcvRjU3NTkyMUMtMEQzOS00MTU2LUI1NUQtNTUyQTI3NjQ2NTRG","200","application/x-zip"
"5036","20012604","Custom Dynamics","PU","LED Headlight - Chrome - FLTR","http://asset.lemansnet.com/z/LzgvQi81LzhCNUMzRjA1LThEMTctNENCMi04N0I2LTJFQUIwQTQ5QTFDQSwvNS9GLzgvNUY4NDE5ODEtMTYxRS00RTQ4LUEzODktRTRFN0VFOTMwN0Ix","200","application/x-zip"
"30302","06101688","DRAG SPECIALTIES","PU","Slotted Wide Blade Replacement Brake Lever - Chrome","http://asset.lemansnet.com/z/LzYvRS81LzZFNTAzRUM2LUJDNTYtNDU1QS1BNzZELUI5M0NDQjEzNkU3QQ==","200","application/x-zip"
"4357","06401445","Arlen Ness","PU","Mirror - Mini Stocker - Side View - Oval - Titanium - Right","http://asset.lemansnet.com/z/LzEvNi81LzE2NTQyOTIzLTkzODgtNEU3Qy05MDA5LUQyMkYzRjEzN0JBQiwvQy83L0MvQzdDRUY4OUItMjFDRi00QjE3LTlENkItMzVFNEZCRTEzRjhC","200","application/x-zip"
"18654","08010745","MUSTANG","PU","Seat - Wide Tripper™ Solo - without Backrest - Diamond - Brown - FL '08-'25","http://asset.lemansnet.com/z/L0YvRC84L0ZEOEI5MDgzLUVDRkUtNEMzOS1BNjEyLTY3OTM2QkY1NDI3NywvMS9ELzEvMUQxODhERjItQzE4Ri00QTNGLTlDRTMtRTg1M0M3NDE0QTUw","200","application/x-zip"
"32074","06510743","LA Choppers","PU","Stainless Braided Handlebar Idle Cable - 12""-14"" - Touring","http://asset.lemansnet.com/z/LzkvNy80Lzk3NEE5QUQwLUUzNjktNDA3MC1BMDEwLTk4NEIzRkM1NTUyMw==","200","application/x-zip"
"7034","06620537","MAGNUM SHIELDING","PU","XR Handlebar Installation Kit - 12""-14"" Ape Hangers - '17-'20 FLH - Stainless Steel/Chrome","http://asset.lemansnet.com/z/L0UvOS82L0U5NjgxNzdDLUY3RUMtNEVGNC05ODNFLUUzMTg5MDkzNDZCQywvMC85LzYvMDk2QzlBMjQtNzM2QS00ODg4LUFDQjQtNTAyMkMwMkJCOEU3","200","application/x-zip"
"34991","DS243009","PERFORMANCE MACHINE (PM)","PU","Master Cylinder Rebuild Kit - 11/16""","http://asset.lemansnet.com/z/L0YvMS9EL0YxRDhFN0Y0LTIzMjUtNDFCRC1CNUU3LTVFNTdDQzJFRkRDMw==","200","application/x-zip"
"33850","23500200","MEMPHIS SHADES","PU","Boost Fats Side Wings - Nylon Clamp","http://asset.lemansnet.com/z/LzcvRC81LzdENUNBNDFGLURBRTItNDY1NC1CRjZBLTBBMkU3Qjc2OTYwQywvNS85L0QvNTlEMjA0RTMtREMwQi00REI2LTk5RTUtMUVDNTQ4OTg2MDBG","200","application/x-zip"
"17407","06101287","LA Choppers","PU","Complete Black Vinyl Braided Handlebar Cable/Brake Line Kit - 12""-14"" Handlebars - '07-'10 Softail","http://asset.lemansnet.com/z/L0MvMy8zL0MzMzI0QThGLTU0OTMtNEY1Mi05OUQ1LUExNUVCNzM2MTBCQg==","200","application/x-zip"
"12626","10103119","Vance & Hines","PU","VO2 Insight Air Intake Kit - Black Wrinkle","http://asset.lemansnet.com/z/LzkvMy83LzkzNzg1QjkyLTFCQkQtNDc0OC05RDIxLThFNTQ1Q0I4QTkwRSwvMC82L0QvMDZERkJFQzQtRTQ0MC00OEUwLUE1REYtNjUxNzY4RkNFNkQzLC83LzUvMy83NTNGNTJGQS03NjE4LTRFNDAtODI1My1DQjY2MDFGRTBGMUIsL0YvOC84L0Y4ODI5MDdGLTU0NzYtNEI3NS04N0QxLTA4Nzk5Njg3RTVCOQ==","200","application/x-zip"
"32539","06016609","LA Choppers","PU","Handlebar - Twin Round - 1-1/4"" x 10"" - Chrome","http://asset.lemansnet.com/z/LzYvNS84LzY1OEUzRUIwLThBQTktNDZGOC05RUY5LUI4REYwNUY0MEZGMiwvNS9FLzIvNUUyRTU1QzktNzU0Ni00RTVCLUJCOTMtNjhBODNBOTQ5Qjk5","200","application/x-zip"
"33914","MEM9890","MEMPHIS SHADES","PU","Lowers Hardware - Harley-Davidson®/Honda/Victory","http://asset.lemansnet.com/z/LzIvOS83LzI5NzlEQTlDLUZFOUMtNEQyMi05Q0ExLTYwMTMxQzBGQkEyRA==","200","application/x-zip"
"5646","22100510","Dakota Digital","PU","Tank Speedometer - Chrome Bezel - 3-3/8""","http://asset.lemansnet.com/z/LzgvQy9CLzhDQjQ4RTY5LUI5MzItNEJDNC05QjQ1LTQyNjMyOUIzNjk1OQ==","200","application/x-zip"
"15864","16100709","S&S Cycle","PU","Brake Pedal - Mid-Mount - Black","http://asset.lemansnet.com/z/LzAvOS84LzA5OEUzNzU4LUMwMzktNEY1Ri1BMjEyLThFNDY4QTA4NjJGRSwvRi8zL0QvRjNEQUMwNDUtNDNGOS00RkNBLUEwNDQtQzdEMUNFRDNFNEJDLC9DLzIvMy9DMjM2Q0NBNy00RjVFLTRCQ0UtOTNGRi0yQUM2RjE4NTM4M0YsLzkvMy8zLzkzM0Y2NjYwLUUyOTktNDVBRC05QzY1LTY0MUEwNjgyODJENw==","200","application/x-zip"
"8463","21201015","Namz","PU","Extruded Tubing - 5/16"" X8' - Black","http://asset.lemansnet.com/z/L0QvNi8zL0Q2MzU1RjhGLTE2OEEtNDNBMi04OUFDLTJCMTNDRUZBQUZGRA==","200","application/x-zip"
"9769","23100913","Klock Werks","PU","Sport Flare® Windshield - 8"" - Dark Smoke - FLTRX","http://asset.lemansnet.com/z/LzgvNS9DLzg1Q0RBN0UwLUM3RTItNDk0MS1BOUM4LTRBRUI0NDAxRjc5RCwvRi9FL0EvRkVBMEI1NDItRDY5Mi00MTdBLTlGMEYtQzFDRkQ4ODY3RDYxLC82LzIvRC82MkQ4ODY2QS0wRDI2LTQyNkQtQUNFRS0zNDREQzQzOERFMTMsL0YvRS9FL0ZFRTI4N0U0LTFGODktNDU5NC05MzY3LTRENDA2MTk3QTdBNA==","200","application/x-zip"
"30001","06014202","DRAG SPECIALTIES","PU","1"" Handlebar - Narrow Ape - 16"" - TBW - Flat Black","http://asset.lemansnet.com/z/LzUvRi9BLzVGQTUyNTdELUVBQ0QtNDVBNy1BOTJFLThCMjE2N0Q1OUQxQiwvQi9GLzMvQkYzQTVGOUYtNjVERi00OTYyLUJCNEMtMTRBNUMzMTU4MTRD","200","application/x-zip"
"21648","17412850","DRAG SPECIALTIES","PU","Brake Line - Front - Black - +8""","http://asset.lemansnet.com/z/L0UvQS8zL0VBM0U1NEUwLUVENDUtNEQ3Ny1CMzVBLTVDRTY2RTlCRDMwNA==","200","application/x-zip"
"35500","08220573","Saddlemen","PU","Sissy Bar Pad - Honeycomb - Red Stitching","http://asset.lemansnet.com/z/L0YvNS9FL0Y1RTQ0Nzg1LTNBRkEtNEU3NS04MDcxLTJDMTU3MTlDRDIzMQ==","200","application/x-zip"
"4374","09262316","Eastern Motorcycle Parts","PU","Valve Spring Collar - Upper - Big Twin | XL","http://asset.lemansnet.com/z/LzgvMy80LzgzNDVDOTU3LTJEQkQtNDBBOS1BRjhGLTdDMzYzNjdCMDZCRQ==","200","application/x-zip"
"18842","08020533","MUSTANG","PU","Wide Rear Seat - Smooth - Black - FL/FX '06-'17","http://asset.lemansnet.com/z/L0IvNy8yL0I3MkRFNjIzLTc4NzgtNDNBRS04QzU5LUNENzdEQzRCOTZERQ==","200","application/x-zip"
"24503","DS174904","James Gasket","PU","Air Control O-Ring Kit","http://asset.lemansnet.com/z/L0UvOC9DL0U4Q0I4M0ZFLUY0MUYtNEI5Mi05NEEyLTA2MUUzODBGQkI0RQ==","200","application/x-zip"
"3473","DS199492","JIMS","PU","Transmission Mainshaft - 5 Speed - Splined Clutch","http://asset.lemansnet.com/z/LzMvNS82LzM1NjJDM0Y2LUM0NjgtNDNFQy1COTFGLTAwNTY5MDI0MjNFRA==","200","application/x-zip"
"4115","06620714","Burly Brand","PU","Handlebar Cable/Brake Line Kit for Burly Ape Handlebars - 16"" Gorilla - Softail/Touring - Stainless","http://asset.lemansnet.com/z/LzAvNy9ELzA3REM0N0IwLTU1QjUtNDBGQS1CQzY4LUQ4ODVEQkRCNTlERiwvQi9GLzEvQkYxNEVERUUtOTdCNi00NkMzLThFRkUtMjFGMTQ1ODlBMUQ1","200","application/x-zip"
"12482","06013984","Todd's Cycle","PU","Handlebar - 10"" - Flat Black","http://asset.lemansnet.com/z/LzcvNC85Lzc0OTQ1MzcxLTE1OUUtNEY4QS05NkI4LTE3MjZDN0I3QkY0QywvNC83LzQvNDc0MDk1RTQtRjg5RC00RkQ5LTk1RjAtQkIyMzJBNThDMTRELC83LzMvQS83M0E2MEE3MS03NkJCLTRERjYtQjY1My1CRjRBMTU0NDM3RjAsL0IvNi9BL0I2QTRENTlFLUQzNzktNDM0QS05Rjk0LUZBRTM5MkMzNzgyMQ==","200","application/x-zip"
"15980","16211228","THRASHIN SUPPLY CO.","PU","Mini Aggressor Floorboards - Red - Rear","http://asset.lemansnet.com/z/LzQvNy9ELzQ3RDA2REI2LTk1MTEtNDM4NS1BOEM2LThGNEYyNDNEQThFOCwvQy9EL0EvQ0RBNTc4ODAtQjMzNy00NEIyLUE2N0ItN0I1OTYzMzE4REJFLC81L0UvOC81RTgxREI3Qy05NkVFLTQ1MTYtOTdBNi1CQjVDNDdFMDg4NUIsLzMvOS81LzM5NTkxMjdELTU5NzItNDVENC05RUJGLUFFQTI2NjRDRTc4QSwvRC8wLzAvRDAwNDI4QjQtQzBENi00MDU2LTk1RDgtNkY0NjU4RTg1MTFBLC82L0IvQy82QkM3NkQxQi01NDRCLTQyRDgtQTIyMS05NDc3QzlGNzZDNkU=","200","application/x-zip"
"15763","10220185","S&S Cycle","PU","Throttle Hog Cable Operated Throttle Body Kit - Black - 58 mm - 117"" Engine","http://asset.lemansnet.com/z/L0UvNi9DL0U2QzRFMTQ3LTA5M0YtNEU1NC04NDAxLTQ4NkZDNThBNEI1RQ==","200","application/x-zip"
"14881","09290088","FEULING PARTS","PU","Anti-Rotation Lifter Pins - Stock Replacement - Twin Cam","http://asset.lemansnet.com/z/LzYvOS8xLzY5MUQ1OEY1LUExNkYtNEMxQy1CRkQ3LTZGRUMwQkNGOUEwNQ==","200","application/x-zip"