id,name,vendor_sku,change_to
69637,Chrome 1-1/4 inch Universal Mount Clamp Set,31-0697,
82704,Chrome Acorn Stem Nut,8008-1,
82904,Chrome Allen Type Disc Screw,8758-10,
82905,Chrome Allen Type Front Disc Screw,8759-5,
96062,Chrome Aluminum Head Washers,8215-18,
78307,Chrome Billet Nut Set Coarse Thread,44-0683,
78306,Chrome Billet Nut Set Fine Thread,44-0682,
79384,Chrome Coat Hook,48-1397,
83245,Chrome Countersunk Washer Set 1/4 inch,9834-8,
83247,Chrome Countersunk Washer Set 3/8 inch,9836-5,
83246,Chrome Countersunk Washer Set 5/16 inch,9835-8,
79153,Chrome Deco Skull,48-0302,
92977,Chrome Eye Bolt Set,37-9024,
75356,Chrome G Clamp,37-1500,
75357,Chrome G Clamp,37-1501,
82779,Chrome Headbolt,8217-18-45,
75269,Chrome ISO Mount Cover Set,37-0877,
80436,Chrome Milled Slots Speaker Grill Set,50-0010,
79577,Chrome Nose Cover Towel Bar,48-1887,
79591,Chrome Nose Cover Towel Bar,48-1903,
68604,Chrome Plated Stem Nut Kit,2937-5,
92979,Chrome Shift Gate Screw,37-9026,
82778,Chrome Stock Headbolt with Aluminum Heads,8216-18,
69636,Chrome Universal Mount Clamp Set 1-1/8 inch,31-0696,
69638,Chrome Universal Mount Clamp Set 1-3/8 inch,31-0698,
69635,Chrome Universal Mount Clamp Set 1 inch,31-0695,
95134,Clamp on Rear Mount Block,49-1987,
95135,Clamp on Rear Mount Connector,49-1988,
72354,Clamp On USB Charger Outlet,33-1699,
82100,Cleveland Greeting Card,68-0020,
92700,Condenser Mount Screw,37-1033,
66099,Cone Cover Nut Cone Type,24-0663,
88120,Cone Cover Nut Hex Type Chrome,24-0113,
88285,Cone Stem Nut Chrome,24-0679,
88524,Control Coil Nuts Nickel Plated,2459-4,
15627,Cover Care Token,99041483,
80165,Cycle Ray Lens Kit,49-1741,
79589,De Dion Motor Engine Model,48-1901,
91655,Diaphragm Cover Plugs Zinc,35-0349,
79385,Double Coat Hook,48-1398,
79656,Dress Up Ball Set Chrome,48-2321,
75365,Dual Throttle Clamp Black,37-1511,
79170,Early Motorcycles Construction Operation Service,48-0366,
96153,Electric Wiring Terminal Screw and Fitting Kit,8942-14,
76016,Emblem/Trim Mount Strip Set Raw Steel,38-0508,
84119,Engine Cam Oil Transfer Valve,12-1511,
60340,Evolution Rocker Cover Set,11-1580,
82044,EXTRA CHARGE ITEMS,60-7777,
504862,Fat Bob Key Switch Mount Kit,31-2535,
41984,FATBOB TANK GROMMETS 10 PK,820-52261,
90968,Female Terminal Solid Socket Type Terminal,32-9603,
90192,Fiber Wiring Terminal Plate with Bolts,32-0357,
90178,Fiber Wiring Terminal Plate with Bolts,32-0321,
86237,Filler Plug Lock Plate,17-0932,
92405,Fishpaper Washer 7/32 inch x 5/8 inch,37-0289,
92413,Fishpaper Washer 9/32 inch x 7/8 inch,37-0297,
77608,Flame Cover Set Chrome,42-0743,
75296,Flange Nut 5/8 inch x 18,37-0963,
77286,Flare Nipple Fitting Nut,40-9975,
32100,Flare Windshield Display,99050016,
31944,Flare Windshield Display with Flyer - FLR,99041651,
75370,Flat Head Fillister Head Slotted Screw 2-64 x 3/8 inch Zinc,37-1533,
79067,Flatside Shovelhead Engine Plaque Sign,48-0048,
58453,FLATSIDE TANK GROMMETS 6PK,820-52263,
94747,FL-FX Shovelhead Service Manuel,48-0645,
80914,Forging Number Plate with Neck Extension Set,51-0063,
55629,FRAME MOUNT SLIDER CHACHO BLUE,750-03026,
55631,FRAME MOUNT SLIDER CHACHO BRONZE,750-03028,
55627,FRAME MOUNT SLIDER CHACHO GOLD,750-03022,
55630,FRAME MOUNT SLIDER CHACHO PURPLE,750-03027,
55628,FRAME MOUNT SLIDER CHACHO RED,750-03023,
57248,"FREWAY BARS 1.25"" BLACK SPORTSTER 04-22",82-96420,
57249,"FREWAY BARS VBEND 1.25"" BLACK SPORTSTER 04-22",82-96421,
91868,Friction Spring Throttle Tension Screw,35-1768,
83042,Front Cone Nut Kit Cadmium,9303-2,
55245,FRONT DOCKING KIT CHROME FLH/FLT 97-08,82-96550,
81046,Front Engine Brake Strap,51-0471,
82889,Front or Rear Disc Bolts with Nuts for Single Disc,8739-10,
56149,FRONT PLATE CARBON,561-3590C,
55054,FRONT PLATE MATTE BLACK,561-3590M,
73896,Front Rocker Plate Stud Kit,3431-24,
95215,Front Rocket Stud Nut Lock,49-2635,
93030,Front Spark Wire Clamp,37-9238,
75041,"Front Stand Spring, Spacer and Washer Set",3631-6,
83477,Guide Collar Set,11-0812,
74387,G-WL 2 Bolt Manifold Zinc,35-1288,
24343,Hang Tags/Tagger Locks,99040922,
82816,Hardware Dress Up Kit Cadmium,8319 CAD,
87089,Headbolt Chrome,2055-1,
83031,Headbolt Cover Kit Chrome Acorn Type,9110-9,
61277,Head Breather Stud Zinc,12-1763,
75466,Head Screw,37-4050,
87281,Head Stud Set Parkerized,2183-16,
57250,HEATHSHIELD BLACK SPORTSTER 14-22,82-96423,
57082,HEAVEY HITTERS 3.0 BAG GAURDS 25-26 SOFTAIL,750-03142,
82142,Helicpoter Mechanic Toy,68-0052,
82102,Henderson Greeting Card,68-0022,
82606,Hex Head Pulley Bolts Zinc Plated 7/16 inch-14 x 1-5/8 inch,73-0403,
77038,Hex Reducing Nipple Fitting,40-0609,
499812,Hex Stem Nut 1 inch-24 Black,24-3094,
499798,Hex Stem Nut 1 inch-24 Chrome,24-2776,
70309,Hi-Low Beam Switch Relay,32-0448,
90169,Hitachi Starter Field Coil Set,32-0308,
62251,Hose Clamp,16-0084,
62252,Hose Clamp,16-0085,
74652,Hose Clamp Assortment Set,35-6240,
74101,Hose Clamp Assortment Set,35-0472,
85733,Hose Clamp Crimping Plier,16-0050,
77203,Hose Forming Coil Set,40-1506,
77204,Hose Forming Coil Set,40-1507,
91845,Idle Mixture Screw,35-1258,
59141,Idler Stud Spacer Set,10-0832,
506530,Ignition Breaker Kit,32-2961,
79380,inchHow to Restore Your Military Harley-Davidson 1932-1952,48-1393,
60030,"INTAKE GUIDE STANDARD, CAST",11-0966,
86338,Internal Spline Washer,17-1305,
68175,ISO Mount Stud with Spring 1/4 inch x 20,28-0418,
85476,James Rocker Cover Breather Seal,15-1448,
84715,James Super Nut Seal,14-0685,
63161,Kick Cover Filler Plug,17-1869,
62877,Kick Cover Lever Bushing Zicad Plated,17-0354,
519004,Knucklehead 1940-1947 Repair Manual,48-0501,
61219,Knucklehead Breather Stud Kit,12-0997,
70189,Knuckle Nut Set Cadmium Plated,3190-4,
70188,Knuckle Nut Set Chrome Plated,3189-4,
70190,Knuckle Nut Set Parkerized,3191-4,
72606,LED Stop Lamp,33-2241,
91405,Left Bearing Bushing Screws,3375-3,
56160,LICENSE SUPPORT `18-25 SCOUT BOBBER,561-9741BK,
63033,Lock and Ring Kit,17-0926,
63035,Lock Tab Assortment,17-0940,
94883,Long Headbolt,49-0276,
76170,Lower Left Outer Tank shifter Tab,38-0848,
82605,M8 x 1.25 Flange Nut Zinc,73-0402,
27653,Magic Power Blocks™,21130318,
86300,Main Bearing Race .002,17-1137,
63083,Main Bearing Race .005,17-1138,
86301,Main Bearing Race .010,17-1139,
63082,Main Bearing Race Standard,17-1136,
82674,Manifold Nipple Kit Weld-On Type,7627-4,
66007,Mega Neck Cup Set Zinc Plated,24-0308,
42628,MULTIBARBAR RUBBER PAD KIT 2/PC,830-6008,
88267,Neck Cup Cone Cover Nut Zinc,24-0622,
74288,Needle Valve Lever,35-0922,
77322,Nevr-Dull Wadding Polish,41-0119,
79876,Nickel Plated Head Primer Cups,49-0668,
495731,Nickel Plated Secondary Chain 120 Link,19-0832,
516832,NYC Electrical Ignition Cover 2 Hole,42-1748,
516834,NYC M8 Electrical Ignition Cover 2 Hole,42-1750,
516833,NYC TC-88 Electrical Ignition Cover 5 Hole,42-1749,
82509,Nyloc Nut 1/4 inch-20 Stainless Steel,73-0273,
82508,Nyloc Nut 1/4 inch-28 Stainless Steel,73-0272,
82503,Nyloc Nut 3/8 inch-24 Stainless Steel,73-0267,
82510,Nyloc Nut 5/16 inch-24 Stainless Steel,73-0274,
513014,OE Balancer Bracket Assembly,37-1107,
495690,OE Balancer Chain,19-0635,
513011,OE Balancer Shift Bolt Set,37-1104,
513010,OE Balancer Support Screws,37-1103,
90233,OE Chrome Oil Pressure Sender Unit,32-0433,
515361,OE Engine Return and Feed Fitting Assembly,40-0077,
515360,OE Engine Vent Fitting Assembly Chrome,40-0076,
93345,OE FLHT/FLTR Trim Piece Black,39-0000,
94760,OE Parts Book for 2011 VRSC,48-1311,
91864,OE Screamin' Eagle 68mm Throttle Body,35-1748,
513012,OE Sprocket Washer Set,37-1105,
93959,OE Starter Cover Chrome,42-1879,
93537,Oil Feed Valve Assembly Zinc Plated,40-0325,
96109,Oil Passage Bolt Cadmium,8772-2,
96108,Oil Passage Bolt Chrome,8771-2,
90162,Oil Pressure Sender Unit,32-0282,
90292,Oil Pressure Sender Unit,32-0586,
74584,OKO Shorty Drain Valve,35-2448,
74418,OKO Single Throttle Disc,35-1390,
79573,One Gallon Oilzum Metal Can,48-1877,
64294,"OUTOBOARD PLATE ONLY, BILLET ALUM POLISH",20-8906,
82531,Oval Phillips Screw 10-24 x 1/2 inch Stainless Steel,73-0296,
77387,Oval V-Fire Cover Chrome,42-0040,
68613,Oversized Threaded Nipple,2995-1,
519352,Paint and Number Reference Book,48-1757,
93859,Panhead Cover Set Aluminum,42-0759,
93831,Panhead Cover Set Chrome,42-0640,
93718,Panhead Cover Set Chrome,42-0103,
79059,Panhead Engine Plaque,48-0025,
75527,Panhead Grade 18-8 Machine Screw,37-6715,
75528,Panhead Grade J82 Machine Screw,37-6716,
75526,Panhead Grade J82 Steel Machine Screw,37-6714,
79583,Panhead Knucklehead Guide Set,48-1895,
83173,Parkerized Headbolt,9725-20,
83174,Parkerized Headbolt,9726-20,
77196,Parkerized Oil Pressure Sender Unit Extension,40-1421,
69424,Parkerized Servi-Car Hanger and Clamp Set,31-0000,
83162,Parkerized Stem Nut Spring,9713-1,
79266,Patent Metal Medallion Set,48-0887,
513181,Phillips Head Chrome Screw,37-2099,
92758,Phillips Head Chrome Screws,37-2096,
82518,Phillips Machine Screw 4-40 x 5/16 inch Stainless Steel,73-0283,
95200,Pivot Lock Plate,49-2575,
75470,PIVOT TUBE SPACER,37-4098,
92933,Pivot Washer Set Inner,37-8896,
79061,Polished Stainless Steel Speed Ball Wing,48-0031,
79062,Polished Stainless Steel Speed Ball Wing,48-0032,
64322,"PRIMARY BELT LARGE SPACER, BLACK OXIDE",20-8983,
64323,"PRIMARY BELT LARGE SPACER, ZINC",20-8984,
75756,Primary Cap Set Chrome,37-8991,
77868,Primary Loose Parts Kit Raw,42-1872,
91020,Radio and BCM Connector Kit,32-9712,
77373,Radio Cover,42-0009,
70806,Radio Static Plugin,32-1721,
82144,Raptor Mechanic Toy,68-0054,
85974,Ratchet Drum Cover Natural,17-0103,
89716,Rear Cowl Trim Strip,31-0247,
82940,Rear Disc Allen Bolt Set,8791-10T,
96256,Rear Disc Bolt and Nut Kit Chrome,9807-10,
83226,Rear Disc Bolt and Nut Kit Chrome,9807-10T,
91061,Rear Disc Bolt and Nut Kit Zinc,3270-10,
55251,REAR DOCKING KIT CHROME FLH/FLT 97-08,82-96551,
95206,Rear Hanger Clamp Chrome,49-2590,
95201,Rear Hanger Clamp Parkerized,49-2577,
87468,Rear Mechanical Brake Locating Block Zinc,23-0411,
93704,Rear Remote Reservoir Cover Chrome,42-0014,
68004,Rear Replacement Block Style Rubber Pad,27-2120,
81983,REPLICA BIKE KIT 1957 PANHEAD,55-1520,
68136,Replica Black Waffle Grips without Plug Hole,28-0159,
89237,Replica Black Waffle Grips with Plug Hole,28-0110,
88278,Replica Cone Cover Nut Zinc,24-0662,
93028,Replica Eccentric Points Screw,37-9235,
62856,Replica Ratchet Drum Cover Alloy,17-0289,
44199,REPL RUBBER STRIPS FOR TWINBAR 3 SHORT/3 LONG,830-5057,
77592,Ribbed Panhead Cover Set Chrome,42-0639,
89611,Ride Control Side Plate Stud Kit,3054-16,
83645,Right Crank Case Bushing Screw,12-0250,
80279,Rocker Cover Set Chrome,49-2565,
96237,Rocker Feed Line Nipple Parkerized,9701-1,
92954,Rocker Friction tab Washer,37-8954,
73898,Rocker Plate Stud Bushings,3452-4,
63492,Rodan Kick Cover Plug,18-1646,
79872,"Rod Nut Kit, 1/2 inch x 20 TPI",49-0661,
24357,"Round Pub Table - 30""",99050179,
92707,Safety Gap Plate Screw,37-1042,
57057,SANTORO TUMBLER/HANGER,750-03083,
85529,Seal Airbox Tube Base,15-1589,
90969,Sealed Connector Component 2 wire,32-9604,
85653,"SEAL WASHER, FIBRE",15-8444,
63135,Shift Cam Thrust Washers,17-1595,
92315,Shift Gate Hex Screw Zinc Plated,37-0078,
14064,Shopping Bag - 2 ml - 100 Pack,99040932,
82706,Short Stud Bushing Set,8011-4T,
74369,Shorty Idle Adjustment Screw Rubber,35-1255,
61124,Side Valve Feed Pump Kit,12-0110,
94815,Side Valve Feed Pump Upgrade,49-0094,
80193,Side Valve Feed Pump Upgrade,49-1877,
79080,Silver Dollar Concho Set,48-0133,
77321,Simi Chrome Polishing Paste,41-0117,
72518,Skull Style Ornament Chrome,33-1932,
79330,Skull with Wings Medallion Set,48-1323,
82117,Small Motorcycle Charm,68-0037,
75465,SMOOTH ALLEN KIT,37-4047,
75532,Socket Cap Bolt Chrome 1/4 inch-20 x 2-1/2 inch,37-6955,
92905,Socket Lever Pin Set Chrome,37-8823,
45910,SOFTAIL SWING ARM BUMPERS 00-17 SOFTAILS,820-5384,
79164,Spare Parts Book for 1949-1957 Panhead,48-0314,
63122,Sprocket Duo-Seal Nut and Lock Kit,17-1490,
86212,Sprocket Lock Tab,17-0905,
86474,Sprocket Washer Spacer,17-9242,
72374,Square 12 Volt Dual USB Power Charger,33-1724,
75250,"Stainless Steel Hose Clamps, #24 Size",37-0812,
504730,Stainless Steel Top Motor Mount,31-1802,
74423,Stainless Steel Worm Clamp with Phillips Screw,35-1442,
71556,Stamped Female Crimp Terminals,32-9644,
71555,Stamped Male Crimp Terminals,32-9643,
86718,Starter Block Off Kit Zinc,18-1136,
77420,Starter Cover Chrome,42-0152,
513019,Steel Sprocket Washer 1.120 inch x .0640 inch,37-1112,
66532,Support Rod Stud Repair Kit,2433-18,
92653,Switch Mounting Screws,37-0882,
92935,Switch Terminal Screws and Washers,37-8916,
69502,T-Bolt Set,31-0223,
95989,Teardrop Phillips Head Chrome Screw Set,73-0252,
70746,Terminal Board Screw Set,32-1621,
84415,Throttle and Idle Adjuster Springs,13-9169,
511362,Throttle Bushing Ferrule Set,35-2389,
91867,Throttle Friction Pad,35-1767,
62693,Thrust Bearing,16-1865,
85990,Thrust Washer Set,17-0123,
82174,Thunder Custom Motorcycle Collector Cards,68-0062,
60962,Titanium Valve Lift Kit,11-9228,
89715,Top Cowl Trim Strip Chrome,31-0246,
504531,Top Motor Mount Alloy,31-1293,
504880,Top Motor Mount Bracket,31-2913,
67075,Top Motor Mount Kit Parkerized,2578-4,
504868,Top Motor Mount Natural Stainless Steel,31-2549,
504530,Top Motor Mount Stainless,31-1292,
82146,Train Mechanic Toy,68-0056,
82143,Triceratops Mechainc Toy,68-0053,
92817,Tripper Screw,37-8256,
82141,Truck Mechanic Toy,68-0051,
93125,Truss Rod Right Front Coupling Stud Set Parkerized,3724-3,
93124,Truss Rod Right Front Coupling Stud Set Parkerized,3723-3,
79063,Twin Cam Plaque,48-0033,
64289,Ultima 2 inch Quarter Grill Pulley Cover Polished,20-8878,
64288,Ultima 3 inch Quarter Grill Pulley Cover Polished,20-8871,
75531,"ULTIMA 6-SPD BOLT,SHCS 5/16 inch-18 X 1-1/2 inch",37-6948,
75322,Ultima Binding Head Screw SAE 10-24 x 1/2 inch,37-1078,
79689,Ultima Chain Bracelet 9 inch,48-4511,
507220,Ultima Complete Electronic Wiring System,32-8530,
60779,ULTIMA COMPRESSION RELEASE VALVE,11-3772,
64427,ULTIMA COUNTER SUNK SCREW,37-5872,
87359,Ultima Elctronic Single Fire Ignition,32-1922,
75471,ULTIMA EXPLANSION PLUG,37-4117,
75507,"ULTIMA FLAT WASHER, 0.4375",37-5860,
516786,Ultima M8 Ignition Cover,42-1455,
75508,"ULTIMA NYLOC NUT, 1/4-28",37-5861,
63249,Ultima Pillow Block Assembly,17-6708,
63255,Ultima Pillow Block Assembly,17-6888,
507222,Ultima Plus Electronic Wiring System,32-8533,
78405,Ultima Pulley Brake Dual Disc Spacer Black,44-7803,
78389,Ultima Pulley Brake Dual Disc Spacer Polished,44-7802,
78508,Ultima Pulley Brake Single Disc Spacer Black,44-7801,
75327,Ultima SCHCS Bolt SAE 1/4 inch-20 x 1.25 inch,37-1083,
65801,ULTIMA SCREW,37-5876,
75326,Ultima SHCS Bolt SAE 1/4 inch-20 x 0.625 inch,37-1082,
90023,Ultima Top Engine Mount,31-5226,
75447,ULTIMA TWIN CAM 1 inch SPACER,37-2149,
63362,ULTIMA WASHER,37-5868,
64290,ULTIMA WAVE WASHER,20-8890,
70050,Universal Clamp Set,31-3933,
24346,UNLIMITED FRED FOX STORY,99013239,
83259,Upper and Lower Chrome Engine Bolts,9854-28,
87282,Upper Bracket and Lock Kit Cadmium Plated,2185-4,
85596,UPPER ROCKER COVER RUBBER,15-8365,
71005,USB Engine Management System,32-3012,
71003,USB Engine Management System,32-3008,
71002,USB Engine Management System,32-3005,
71004,USB Engine Management System,32-3011,
71014,USB Engine Management System,32-3029,
70752,USB Plug Charger,32-1632,
70587,USB Power Supply Port,32-1355,
56885,UTILITY CONTAINER BLUE W/ AUTOSTOP SPOUT 2.5 GAL,28-1372,
56882,UTILITY CONTAINER BLUE W/ AUTOSTOP SPOUT 5 GAL,28-1362,
56887,UTILITY CONTAINER ORANGE W/ AUTOSTOP SPOUT 2.5 GAL,28-1373,
56883,UTILITY CONTAINER ORANGE W/ AUTOSTOP SPOUT 5 GAL,28-1363,
56884,UTILITY CONTAINER WHITE W/ AUTOSTOP SPOUT 2.5 GAL,28-1371,
56881,UTILITY CONTAINER WHITE W/ AUTOSTOP SPOUT 5 GAL,28-1361,
83478,Valve Spacer,11-0813,
57423,VANILLA BERRY,100-0008,
506378,V-Fire Dual Fire Ignition,32-1940,
77326,VHT Black Epoxy Enamel Gloss Finish,41-0126,
77323,VHT Black Wrinkle Finish,41-0123,
77325,VHT Flame Proof 1350 Black Finish,41-0125,
77332,VHT Heat Silver Finish,41-0149,
78313,VL Hub Bearing Race,44-0719,
94444,VL Hub Lock Nut Set,44-0718,
78315,VL Hub Washer Set,44-0722,
79874,VL Wave Washer,49-0665,
77404,Volt Pack Cover Chrome,42-0093,
71001,Volt Tech Start Boost Relay,32-3000,
79058,V-Twin Authorized Counter Mat,48-0012,
84492,V-Twin Body Plug Seal Washer,14-0032,
79620,V-Twin Can with Lid,48-2165,
79068,V-Twin Clear Shop Bags,48-0054,
79114,V-Twin Mens Evolution Engine Buckle and Fob Set,48-0224,
79369,V-Twin Metal Box,48-1372,
79378,V-Twin Metal Box,48-1383,
519498,V-Twin Metal Box,48-2600,
79366,V-Twin Metal Box,48-1369,
519500,V-Twin Metal Box,48-2606,
519499,V-Twin Metal Box,48-2605,
518946,VTWIN MFG Restoration Parts for Knucklehead,48-0292,
79428,V-Twin Mouse Pad,48-1505,
79098,V-Twin Product Guide,48-0204,
79305,V-Twin Product Sign,48-1114,
79099,V-TWIN RETAIL PRODUCT GUIDE FOR AMAZON,48-0205,
85126,V-Twin Washer Seal,15-0663,
79065,V-Twin White Shop Bag,48-0040,
79073,V-Twin Wire Tags,48-0118,
92691,Washer 3/16 inch X 3/8 inch X 1/32 inch,37-1021,
84756,Washer Drain Seal,14-0922,
84722,WASHER-DRAIN SEAL,14-5843,
81219,Weld-On Brake Tab Raw,51-1871,
81254,Weld On Tab with Bolts,51-4750,
72820,Wheel Brake Cylinder Mount Bolts,3335-4,
87590,Wheel Cylinder Bolt,23-0713,
87613,Wheel Cylinder Swivel Fitting,23-0755,
87589,Wheel Cylinder Swivel Fitting,23-0712,
57422,WHITE PEACH,100-0007,
80721,Wire Loom Spring Clamp,50-1249,
90842,Wiring 6 Pin Socket Insulator,32-8035,
90840,Wiring Single Socket Insulator,32-8033,
79172,XLCH Engine Plaque,48-0372,
62745,XL Engine Stand Tool Set,16-2761,
69914,XL Pipe Clamp Set,31-1783,
75456,XL Starter Screw Set,37-3001,
63408,York Veloprene Pack Kit,18-0517,
88117,Zinc Ball Neck Cup Set,24-0110,
77299,ZincKote Aerosol,41-0004,
82960,Zinc Lever Pivot Screw Set,8819-4T,
75381,Zinc Plated 7/16 inch-14 Nyloc Lock Nut,37-1674,
82264,Zinc Plated 7/16 inch-14 Nyloc Lock Nut,73-0006,
75093,Zinc Plated 7/16 inch-20 Lock Nut,37-0066,