OEM#,WPS#,Vendor,Vend#
3,274-0160,Accel,2401
738,681-4572,James Gaskets,JGI-738
5710,830-1198,Colony,9912-2
6007,68-9498,Cometic Gaskets,C9498
6007,681-4691,James Gaskets,JGI-6007
6007,681-4728,James Gaskets,JGI-6007-X
6033,681-5474,James Gaskets,JGI-6033
6057,681-4638,James Gaskets,JGI-6057
6114,68-9400,Cometic Gaskets,C9400
6156,681-4867,James Gaskets,JGI-6156
6377,681-4868,James Gaskets,JGI-6377
6581,681-4869,James Gaskets,JGI-6581
6737,681-4472,James Gaskets,JGI-6737
7019,681-5432,James Gaskets,JGI-7019
7078,681-4313,James Gaskets,JGI-7078
7402,681-4948,James Gaskets,JGI-7402
7652,830-1142,Colony,2293-1
7839,830-1138,Colony,2285-1
8010,830-1146,Colony,2376-1
8011,830-1140,Colony,2287-1
8866,681-4523,James Gaskets,JGI-8866
9208,22-81204,All Balls Racing,28-1204
9247,22-51394,All Balls Racing,25-1394
9267,22-51368,All Balls Racing,25-1368
9276,22-51405,All Balls Racing,25-1405
9276,22-51571,All Balls Racing,25-1571
9898,850-08481,Namz,NIS-BFC
9904,850-08484,Namz,NHD-9904
9905,850-08485,Namz,NHD-9905
9952,850-08441,Namz,NHD-9952
11002,681-4520,James Gaskets,JGI-11002
11100,681-5525,James Gaskets,JGI-11100
11101,68-9451,Cometic Gaskets,C9451
11101,681-4810,James Gaskets,JGI-11101
11102,681-5684,James Gaskets,JGI-11102
11103,68-9458,Cometic Gaskets,C9458
11103,681-5655,James Gaskets,JGI-11103
11106,681-5641,James Gaskets,JGI-11106
11107,68-9452,Cometic Gaskets,C9452
11107,681-4895,James Gaskets,JGI-11107
11110,68-9448,Cometic Gaskets,C9448
11110,681-5305,James Gaskets,JGI-11110
11113,68-9460,Cometic Gaskets,C9460
11113,681-5451,James Gaskets,JGI-11113
11114,681-4982,James Gaskets,JGI-11114
11115,68-9529,Cometic Gaskets,C9529
11115,681-4983,James Gaskets,JGI-11115
11116,68-9433,Cometic Gaskets,C9433
11116,681-5473,James Gaskets,JGI-11116
11117,68-9484,Cometic Gaskets,C9484
11117,681-4687,James Gaskets,JGI-11117
11118,68-9711F,Cometic Gaskets,C9711
11119,68-9455,Cometic Gaskets,C9455
11119,681-5654,James Gaskets,JGI-11119
11120,68-9961,Cometic Gaskets,C9961
11120,681-4185,James Gaskets,JGI-11120
11124,681-5387,James Gaskets,JGI-11124
11124,681-5388,James Gaskets,JGI-11124-DL
11125,68-9536,Cometic Gaskets,C9536
11125,681-4947,James Gaskets,JGI-11125
11132,68-9459,Cometic Gaskets,C9459
11132,681-4468,James Gaskets,JGI-11132
11133,68-9461,Cometic Gaskets,C9461
11133,681-4812,James Gaskets,JGI-11133
11139,68-9446,Cometic Gaskets,C9446
11139,681-5470,James Gaskets,JGI-11139
11140,681-4731,James Gaskets,JGI-11140
11145,681-4470,James Gaskets,JGI-11145
11145,681-4471,James Gaskets,JGI-11145-X
11147,68-9441,Cometic Gaskets,C9441
11147,681-4625,James Gaskets,JGI-11147
11148,68-9357,Cometic Gaskets,C9357
11148,681-4688,James Gaskets,JGI-11148
11156,681-5014,James Gaskets,JGI-11156
11157,681-4469,James Gaskets,JGI-11157
11159,681-4517,James Gaskets,JGI-11159
11161,681-5452,James Gaskets,JGI-11161
11162,68-9495,Cometic Gaskets,C9495
11162,681-4680,James Gaskets,JGI-11162
11165,68-9361,Cometic Gaskets,C9361
11165,681-4681,James Gaskets,JGI-11165
11166,68-9530,Cometic Gaskets,C9530
11166,681-4677,James Gaskets,JGI-11166
11167,68-9443,Cometic Gaskets,C9443
11168,68-9444,Cometic Gaskets,C9444
11170,681-4732,James Gaskets,JGI-11170
11171,68-9436,Cometic Gaskets,C9436
11173,681-4714,James Gaskets,JGI-11173
11176,68-9296,Cometic Gaskets,C9296
11176,681-5304,James Gaskets,JGI-11176
11178,681-4684,James Gaskets,JGI-11178
11179,68-9447,Cometic Gaskets,C9447
11179,681-4685,James Gaskets,JGI-11179
11187,681-5433,James Gaskets,JGI-11187
11188,681-5434,James Gaskets,JGI-11188
11190,681-5302,James Gaskets,JGI-11190
11191,68-9661,Cometic Gaskets,C9661
11191,681-4686,James Gaskets,JGI-11191
11201,681-4311,James Gaskets,JGI-11201
11202,681-5401,James Gaskets,JGI-11202
11241,681-4516,James Gaskets,JGI-11241
11256,68-9628,Cometic Gaskets,C9628
11256,681-4149,James Gaskets,JGI-11256
11270,68-9629,Cometic Gaskets,C9629
11270,681-4107,James Gaskets,JGI-11270
11273,68-9438,Cometic Gaskets,C9438
11273,681-4146,James Gaskets,JGI-11273
11286,68-9437,Cometic Gaskets,C9437
11286,681-4180,James Gaskets,JGI-11286
11288,68-9627,Cometic Gaskets,C9627
11288,681-4166,James Gaskets,JGI-11288
11289,681-4167,James Gaskets,JGI-11289
11290,68-9642,Cometic Gaskets,C9642
11290,681-4315,James Gaskets,JGI-11290
11291,68-9630,Cometic Gaskets,C9630
11291,681-4218,James Gaskets,JGI-11291
11292,681-4220,James Gaskets,JGI-11292
11293,681-4121,James Gaskets,JGI-11293
11293,681-4024,James Gaskets,JGI-11293-K
11293,681-4025,James Gaskets,JGI-11293-TC
11297,681-4333,James Gaskets,JGI-11297
11298,681-4168,James Gaskets,JGI-11298
11301,681-4181,James Gaskets,JGI-11301
11324,681-4275,James Gaskets,JGI-11324
11326,681-4183,James Gaskets,JGI-11326
11345,681-4184,James Gaskets,JGI-11345
11351,681-4246,James Gaskets,JGI-11351
11377,68-9956,Cometic Gaskets,C9956
11377,681-5301,James Gaskets,JGI-11377
11377,681-5229,James Gaskets,JGI-11377-K
11428,681-4957,James Gaskets,JGI-11428
11447,820-52263,HardDrive,820-52263
11447,681-4602,James Gaskets,JGI-11447
12002,681-5006,James Gaskets,JGI-12002
12010,68-9531,Cometic Gaskets,C9531
12010,681-4987,James Gaskets,JGI-12010
12014,68-9494,Cometic Gaskets,C9494
12014,681-4944,James Gaskets,JGI-12014
12014,681-4417,James Gaskets,JGI-12014-K
12018,68-9518,Cometic Gaskets,C9518
12018,681-4945,James Gaskets,JGI-12018
12021,68-9367,Cometic Gaskets,C9367
12021,681-5653,James Gaskets,JGI-12021
12022,68-9506,Cometic Gaskets,C9506
12022,681-4981,James Gaskets,JGI-12022
12023,68-9369,Cometic Gaskets,C9369
12030,68-9362,Cometic Gaskets,C9362
12030,681-5453,James Gaskets,JGI-12030
12035,681-4678,James Gaskets,JGI-12035-B
12036,681-5580,James Gaskets,JGI-12036
12043,68-9528,Cometic Gaskets,C9528
12043,681-4669,James Gaskets,JGI-12043
12043,681-4670,James Gaskets,JGI-12043-A
12045,681-4671,James Gaskets,JGI-12045-DL
12045,681-4668,James Gaskets,JGI-12045-M
12047,681-5024,James Gaskets,JGI-12047-DL
12049,681-5450,James Gaskets,JGI-12049-DL
12050,68-9359,Cometic Gaskets,C9359
12050,681-4672,James Gaskets,JGI-12050
12050,681-4415,James Gaskets,JGI-12050-K
12051,68-9491,Cometic Gaskets,C9491
12051,681-4683,James Gaskets,JGI-12051
12052,68-9260,Cometic Gaskets,C9260
12052,681-4630,James Gaskets,JGI-12052
12052,681-4629,James Gaskets,JGI-12052-F
12053,681-4634,James Gaskets,JGI-12053
12053,681-4635,James Gaskets,JGI-12053-A
12066,68-9261,Cometic Gaskets,C9261
12066,681-4633,James Gaskets,JGI-12066-A
12067,681-4679,James Gaskets,JGI-12067-A
12067,681-4414,James Gaskets,JGI-12067-AK
12068,68-9632,Cometic Gaskets,C9632
12068,681-4165,James Gaskets,JGI-12068
12074,68-9215,Cometic Gaskets,C9215
12074,681-4308,James Gaskets,JGI-12074
12074,681-4031,James Gaskets,JGI-12074-K
12074,681-5242,James Gaskets,JGI-12074-XL
12077,68-9200,Cometic Gaskets,C9200
12077,681-4309,James Gaskets,JGI-12077
20597,820-50818,HardDrive,820-50818
28780,820-50836,HardDrive,820-50836
724807,850-08180,Namz,NHD-72485-07
11000101,68-10213,Cometic Gaskets,C10213
11000101,681-6115,James Gaskets,JGI-11000101
11000134,68-10209,Cometic Gaskets,C10209
11000134,681-6127,James Gaskets,JGI-11000134
11900010,68-10208,Cometic Gaskets,C10208
11900010,681-6109,James Gaskets,JGI-11900010
11900090,68-10201,Cometic Gaskets,C10201
11900090,681-6107,James Gaskets,JGI-11900090
11900092,68-10212,Cometic Gaskets,C10212
11900092,681-6108,James Gaskets,JGI-11900092
11900103,68-10210,Cometic Gaskets,C10210
11900103,68-10210,Cometic Gaskets,C10210
11900103,681-6111,James Gaskets,JGI-11900103
11900116,68-10189,Cometic Gaskets,C10189
11900116,681-6103,James Gaskets,JGI-11900116
16500305,68-10165,Cometic Gaskets,C10165
16500326,68-10164,Cometic Gaskets,C10164
16500326,681-6100,James Gaskets,JGI-16500326
16500332,68-10177,Cometic Gaskets,C10177
16500332,681-6101,James Gaskets,JGI-16500332
16500332,68-10242,Cometic Gaskets,C10242
16500332,68-10242-010,Cometic Gaskets,C10242-010
16500332,68-10242-020,Cometic Gaskets,C10242-020
16500332,68-10242-030,Cometic Gaskets,C10242-030
18100044,68-10202,Cometic Gaskets,C10202
18100044,681-6102,James Gaskets,JGI-18100044
24400215,68-10214,Cometic Gaskets,C10214
24400215,681-6116,James Gaskets,JGI-24400215
25600455,681-6120,James Gaskets,JGI-25600455
25700362,68-10172,Cometic Gaskets,C10172
25700362,681-6104,James Gaskets,JGI-25700362
25700370,68-10173,Cometic Gaskets,C10173
25700372,68-10179,Cometic Gaskets,C10179
25700372,68-10179-2,Cometic Gaskets,C10179-2
25700372,681-6105,James Gaskets,JGI-25700372
25700378,68-10198F1,Cometic Gaskets,C10198F1
25700378,681-6119,James Gaskets,JGI-25700378
25700425,68-10183,Cometic Gaskets,C10183
25700425,681-6106,James Gaskets,JGI-25700425
25700433,68-10174,Cometic Gaskets,C10174
25700433,681-6110,James Gaskets,JGI-25700433
25700452,68-10215,Cometic Gaskets,C10215
25700452,681-6117,James Gaskets,JGI-25700452
25700453,68-10216,Cometic Gaskets,C10216
25700453,681-6118,James Gaskets,JGI-25700453
25700455,68-10211,Cometic Gaskets,C10211
25700564,68-10241F1,Cometic Gaskets,C10241F1
25700593,68-10243,Cometic Gaskets,C10243
25700729,68-10217,Cometic Gaskets,C10217
25700729,681-6122,James Gaskets,JGI-25700729
25700729,68-10224,Cometic Gaskets,C10224
25700730,681-6123,James Gaskets,JGI-25700730
25700731,68-10178,Cometic Gaskets,C10178
25700746,68-10196,Cometic Gaskets,C10196
25701007,68-10248,Cometic Gaskets,C10248
25800370,681-6112,James Gaskets,JGI-25800370
26500002,68-10039,Cometic Gaskets,C10039
27200038,68-10247,Cometic Gaskets,C10247
27300082,68-10204,Cometic Gaskets,C10204
27300087,68-10203,Cometic Gaskets,C10203
27300087,681-6113,James Gaskets,JGI-27300087
29000108,68-10207,Cometic Gaskets,C10207
29000149,68-10176,Cometic Gaskets,C10176
29000149,681-6114,James Gaskets,JGI-29000149
29400045,820-50651,HardDrive,820-50651
29400129,820-50650,HardDrive,820-50650
29400212,820-50664,HardDrive,820-50664
32700046,865-01070,Cycle Pro,14282
32700048,865-01097,Cycle Pro,18428
32700065,68-10190,Cometic Gaskets,C10190
32700083,865-01071,Cycle Pro,14283
34800044,68-10246,Cometic Gaskets,C10246
36500020,820-52350,HardDrive,820-52350
36700052,820-55050,HardDrive,820-55050
36700065,820-55005,HardDrive,820-55005
36700094,820-55004,HardDrive,820-55004
36700131,820-55008,HardDrive,820-55008
36700131,820-55012,HardDrive,820-55012
36700147,820-55011,HardDrive,820-55011
37000072,820-54719,HardDrive,820-54719
41300006,820-32014,HardDrive,820-32014
41300009,820-51285,HardDrive,820-51285
41300019,820-51264,HardDrive,820-51264
41300054,820-32016,HardDrive,820-32016
41500020,830-1107,Colony,2925-10
41500020,820-51292,HardDrive,820-51292
41500094,820-51265,HardDrive,820-51265
41700440,820-55019,HardDrive,820-55019
45500113,820-52316,HardDrive,820-52316
45600022,820-52370,HardDrive,820-52370
45600023,820-52371,HardDrive,820-52371
50500167,820-55261,HardDrive,820-55261
50500168,820-55263,HardDrive,820-55263
50500837,820-0537,HardDrive,820-0537
50700008,820-55600,HardDrive,820-55600
52300376,820-2254,HardDrive,820-2254
52300378,820-2253,HardDrive,820-2253
52300379,820-2255,HardDrive,820-2255
56000039,820-0828,HardDrive,820-0828
56000042,820-0829,HardDrive,820-0829
62400205,68-10305,Cometic Gaskets,C10305
62700212,68-10244,Cometic Gaskets,C10244
62800053,68-10245,Cometic Gaskets,C10245
67800173,820-52357,HardDrive,820-52357
69200193,850-08197,Namz,NHD-69200193
69200271,850-08303,Namz,NM-33471-0201
69200272,850-08319,Namz,NM-33481-0201
69200305,850-08610,Namz,NJST-02R
69200306,850-08612,Namz,NJST-04R
69200307,850-08609,Namz,NJST-RTERM
69200336,850-08424,Namz,NF-MAX-50
69200489,850-08781,Namz,NHD-69200489
69200533,850-08777,Namz,NHD-69200533
69201162,850-08613,Namz,NJST-06R
69201163,850-08618,Namz,NJST-06P
69201164,850-08608,Namz,NJST-PTERM
69201179,850-08607,Namz,NJ-4S52
69201180,850-08605,Namz,NJ-4P52
69201394,850-08178,Namz,ND-15397577
69201406,850-08190,Namz,NMCON-03P
69201613,850-08191,Namz,NMCON-03R
71500185,820-55001,HardDrive,820-55001
01-931,68-9540,Cometic Gaskets,C9540
10R12A,4-4162,Autolite Sparkplugs,4162
10R12A,4-XS4162,Autolite Sparkplugs,XS4162
10R12A,2-DCPR8E,NGK Sparkplugs,4339
10R12A,2-DCPR8EIX,NGK Sparkplugs,6546
11105/11102/11273,68-9435,Cometic Gaskets,C9435
"111157, 25PK",68-9292,Cometic Gaskets,C9292
11124-DL,68-9355,Cometic Gaskets,C9355
11132A,681-4122,James Gaskets,JGI-11132-A
11133A,681-4821,James Gaskets,JGI-11133-A
11133-FL,68-9584,Cometic Gaskets,C9584
11133-FLH,68-9585,Cometic Gaskets,C9585
11133-V2,68-9586,Cometic Gaskets,C9586
11140/11241/11289,68-9667,Cometic Gaskets,C9667
"11145, 25PK",68-9293,Cometic Gaskets,C9293
11145A,681-4123,James Gaskets,JGI-11145-A
11167A,681-5306,James Gaskets,JGI-11167-A
11168A,681-5307,James Gaskets,JGI-11168-A
11178/62673-90,68-9263,Cometic Gaskets,C9263
11187/11201,68-9434,Cometic Gaskets,C9434
"11190/11293, 10PK",68-9294,Cometic Gaskets,C9294
11241/11140/11289,68-9684,Cometic Gaskets,C9684
"11298, 10PK",68-9631,Cometic Gaskets,C9631
11447 and 5775,830-1134,Colony,2105-8
12013A,68-9493,Cometic Gaskets,C9493
12013A,681-4673,James Gaskets,JGI-12013
12013A,681-4674,James Gaskets,JGI-12013-A
12026A,68-9351,Cometic Gaskets,C9351
12026A,681-4501,James Gaskets,JGI-12026-A
12035A,68-9258,Cometic Gaskets,C9258
12036A,68-9376,Cometic Gaskets,C9376
12036A,681-5365,James Gaskets,JGI-12036-A
12044A,681-4978,James Gaskets,JGI-12044-A
12044A,681-4755,James Gaskets,JGI-12044-AK
12044A,681-4979,James Gaskets,JGI-12044-DL
12044DL,68-9527,Cometic Gaskets,C9527
12045DL,68-9259,Cometic Gaskets,C9259
12049DL,68-9356,Cometic Gaskets,C9356
12052B,681-4273,James Gaskets,JGI-12052-A
"12053, DL LIP SEAL",68-9379,Cometic Gaskets,C9379
12067A,68-9262,Cometic Gaskets,C9262
16-0243,68-9223,Cometic Gaskets,C9223
16219-79B,820-52281,HardDrive,820-52281
16219-79C,820-52280,HardDrive,820-52280
16258-95B,820-52282,HardDrive,820-52282
16446-86,820-51560,HardDrive,820-51560
16446-86,820-51563,HardDrive,820-51563
16461-02 16465-06,191-57009C,Kibble White,20-20690C
16461-02 16465-06,191-57011C,Kibble White,20-20700C
16463-04,820-51562,HardDrive,820-51562
16463-04,820-51565,HardDrive,820-51565
16465-06 16461-02,191-57009C,Kibble White,20-20690C
16465-06 16461-02,191-57011C,Kibble White,20-20700C
16480-85A and 16478-85A,830-1100,Colony,2011-8
16480-92 and 16478-85A,830-1101,Colony,2012-8
16545-04,820-51561,HardDrive,820-51561
16545-04,820-51564,HardDrive,820-51564
16664-86,681-5331,James Gaskets,JGI-16664-86
16664-86B,68-9205,Cometic Gaskets,C9205
16665-86,681-5330,James Gaskets,JGI-16665-86
16719-99,68-9576,Cometic Gaskets,C9576
16719-99,681-4102,James Gaskets,JGI-16719-99
16769-57,681-5544,James Gaskets,JGI-16769-57
16769-72A,68-9698,Cometic Gaskets,C9698
16769-72A,681-5543,James Gaskets,JGI-16769-72-A
16769-73,68-9565,Cometic Gaskets,C9565
16769-73,681-5542,James Gaskets,JGI-16769-73
16769-73,681-5541,James Gaskets,JGI-16769-73-T
16769-82,68-9566,Cometic Gaskets,C9566
16769-82,681-5540,James Gaskets,JGI-16769-82
16770-48,681-5081,James Gaskets,JGI-16770-48
16770-48,681-5080,James Gaskets,JGI-16770-48-X
1677048MLS,68-9137,Cometic Gaskets,C9137
16770-66A,681-4843,James Gaskets,JGI-16770-66-A
16770-66A,681-4842,James Gaskets,JGI-16770-66-B
16770-66A,681-4746,James Gaskets,JGI-16770-66-S
16770-66A,681-4841,James Gaskets,JGI-16770-66-X
16770-66X,68-9984,Cometic Gaskets,C9984
16770-84B,681-4391,James Gaskets,JGI-16770-84-A
16770-84B,681-4483,James Gaskets,JGI-16770-84-B
16770-84B,681-4480,James Gaskets,JGI-16770-84-MLS
16770-84B,681-4484,James Gaskets,JGI-16770-84-X
16771-08,68-10003,Cometic Gaskets,C10003
16771-08XX,68-10004,Cometic Gaskets,C10004
16773-85,681-4481,James Gaskets,JGI-16773-85
16773-85,681-4482,James Gaskets,JGI-16773-85-T
16773-85,681-4485,James Gaskets,JGI-16773-85-TS
16774-57,68-9699,Cometic Gaskets,C9699
16774-57,681-5546,James Gaskets,JGI-16774-57
16774-72,68-9603,Cometic Gaskets,C9603
16774-72,681-5545,James Gaskets,JGI-16774-72
16774-86,68-9009,Cometic Gaskets,C9009
16774-86A,681-5332,James Gaskets,JGI-16774-86
16774-86A,681-5335,James Gaskets,JGI-16774-96
16774-86A,681-5334,James Gaskets,JGI-16774-96-XT1
16774-86A,681-5333,James Gaskets,JGI-16774-96-XT2
16774-86D,68-9008,Cometic Gaskets,C9008
16774-86E,68-9214,Cometic Gaskets,C9214
16774-96,68-9553,Cometic Gaskets,C9553
16775-99,68-9790,Cometic Gaskets,C9790
16775-99,681-4141,James Gaskets,JGI-16775-99
16775-99,681-4142,James Gaskets,JGI-16775-99-X
16776-48,68-9567,Cometic Gaskets,C9567
16776-48,681-5083,James Gaskets,JGI-16776-48
16776-63,681-4847,James Gaskets,JGI-16776-63
16776-65,681-4846,James Gaskets,JGI-16776-63-X1
16777-48,68-9568,Cometic Gaskets,C9568
16777-48,681-5084,James Gaskets,JGI-16777-48
16777-63,681-4848,James Gaskets,JGI-16777-63
16777-83A,681-4489,James Gaskets,JGI-16777-83-A
16777-83A,681-4491,James Gaskets,JGI-16777-86-S
16777-83A,681-4488,James Gaskets,JGI-16777-94
16777-83A,681-4490,James Gaskets,JGI-16777-94-S
16777-86S,68-9615,Cometic Gaskets,C9615
16778-84A,68-9285,Cometic Gaskets,C9285
16778-97X,68-9561,Cometic Gaskets,C9561
16779-84B,68-9284,Cometic Gaskets,C9284
16779-84B,681-4449,James Gaskets,JGI-16779-84-X
16779-97X,68-9563,Cometic Gaskets,C9563
16779-99,681-4448,James Gaskets,JGI-16779-99-X
16787-99,681-4143,James Gaskets,JGI-16787-99
16787-99,681-4140,James Gaskets,JGI-16787-99-MLS
16787-99,681-4144,James Gaskets,JGI-16787-99-X
16800-84,68-9865,Cometic Gaskets,C9865
16800-84,68-9866,Cometic Gaskets,C9866
17026-71,68-9045F,Cometic Gaskets,C9045F
17026-71,681-5502,James Gaskets,JGI-17026-71
17026-72,68-9047F,Cometic Gaskets,C9047F
17026-73,681-5501,James Gaskets,JGI-17026-73
17026-73L,68-9049F,Cometic Gaskets,C9049F
17026-79,68-9051F,Cometic Gaskets,C9051F
17026-82,68-9117F,Cometic Gaskets,C9117F
17026-86A,68-9757F,Cometic Gaskets,C9757F
17026-86A,681-5215,James Gaskets,JGI-17026-86
17026-86A,681-5214,James Gaskets,JGI-17026-86-MLS
17026-91,681-5213,James Gaskets,JGI-17026-91
17026-91,681-5212,James Gaskets,JGI-17026-91-MLS
17026-91A,68-9124,Cometic Gaskets,C9124
17026-91A,68-9133,Cometic Gaskets,C9133
17026-91A,68-9758F,Cometic Gaskets,C9758F
17026-91A,68-9759,Cometic Gaskets,C9759
17026-91A,68-9760,Cometic Gaskets,C9760
17026-91A,68-97610E,Cometic Gaskets,C9761
17026-91A,68-97620E,Cometic Gaskets,C9762
17026-91A,68-9763,Cometic Gaskets,C9763
17026-91A,68-9764,Cometic Gaskets,C9764
17026-91A,68-9765,Cometic Gaskets,C9765
17026-91A,68-9766,Cometic Gaskets,C9766
17026-91A,68-9767,Cometic Gaskets,C9767
17026-91A,68-9768,Cometic Gaskets,C9768
17026-91A,68-9769,Cometic Gaskets,C9769
17026-91A,68-9854F,Cometic Gaskets,C9854F
17026-91A,68-9855F,Cometic Gaskets,C9855F
17026-91A,68-9907,Cometic Gaskets,C9907
17026-91A,68-9980,Cometic Gaskets,C9980
17027-04,68-9952,Cometic Gaskets,C9952
17027-04,68-9953,Cometic Gaskets,C9953
17027-04,681-5211,James Gaskets,JGI-17047-04-X
17027-04B,681-5210,James Gaskets,JGI-17047-07-X
17028-48,681-5051,James Gaskets,JGI-17028-48
17029-48,68-9966,Cometic Gaskets,C9966
17029-66X,68-9900,Cometic Gaskets,C9900
17029-70,681-4741,James Gaskets,JGI-17029-70
17029-70,681-4740,James Gaskets,JGI-17029-70-A
17029-70A,68-9964,Cometic Gaskets,C9964
17029-70-A,68-9154,Cometic Gaskets,C9154
17029-80,68-9965,Cometic Gaskets,C9965
17030-17,681-6125,James Gaskets,JGI-17030-17
17030-57,68-9102,Cometic Gaskets,C9102
17030-57,681-5504,James Gaskets,JGI-17030-57
17030-72,68-9103,Cometic Gaskets,C9103
17030-72A,681-5503,James Gaskets,JGI-17030-72-A
17030-72AL,68-9104,Cometic Gaskets,C9104
17030-72B,68-9052,Cometic Gaskets,C9052
17030-82,68-9116,Cometic Gaskets,C9116
17032-86A,681-5221,James Gaskets,JGI-17032-86-B
17032-86A,681-5220,James Gaskets,JGI-17032-86-MLS
17032-91A,681-5219,James Gaskets,JGI-17032-91
17032-91A,681-5218,James Gaskets,JGI-17032-91-MLS
17033-83A,681-4388,James Gaskets,JGI-17033-83
17033-83A,681-4387,James Gaskets,JGI-17033-83-A
17033-83A,681-4386,James Gaskets,JGI-17033-83-MLS
17033-83A,681-4397,James Gaskets,JGI-17033-83-R
17033-83-A,68-9747,Cometic Gaskets,C9747
17033-83-A,68-9851,Cometic Gaskets,C9851
17034-48,68-9968,Cometic Gaskets,C9968
17034-48,681-5053,James Gaskets,JGI-17034-48
17034-66,681-4744,James Gaskets,JGI-17034-66
17034-66,681-4743,James Gaskets,JGI-17034-66-X
17034-66X,68-9967,Cometic Gaskets,C9967
17034-66-X,68-9918,Cometic Gaskets,C9918
17035-83,681-4383,James Gaskets,JGI-17035-83-B
17035-83,681-4382,James Gaskets,JGI-17035-83-MLS
17040-92,681-4385,James Gaskets,JGI-17040-92
17040-92,681-4384,James Gaskets,JGI-17040-92-MLS
17041-92,681-4381,James Gaskets,JGI-17041-92-A
17041-92,681-4380,James Gaskets,JGI-17041-92-MLS
17041-92-A,68-9748F,Cometic Gaskets,C9748F
17041-92-A,68-9846F,Cometic Gaskets,C9846F
17041-92-A,68-99080E,Cometic Gaskets,C9908
17041-92-A,68-9974,Cometic Gaskets,C9974
17042-92A,68-9752,Cometic Gaskets,C9752
17042-92A,68-9753,Cometic Gaskets,C9753
17042-92A,68-9754F,Cometic Gaskets,C9754F
17042-92A,68-9755F,Cometic Gaskets,C9755F
17042-92A,68-9756F,Cometic Gaskets,C9756F
17043-95,681-4046,James Gaskets,JGI-17043-99
17045-99,68-9664,Cometic Gaskets,C9664
17048-98,681-4049,James Gaskets,JGI-17048-98
17049-04,68-9219,Cometic Gaskets,C9219
17049-04,68-9970,Cometic Gaskets,C9970
17049-04,68-9971,Cometic Gaskets,C9971
17049-04,681-5217,James Gaskets,JGI-17049-04-X
17049-04A,681-5216,James Gaskets,JGI-17049-07-X
17052-100,681-4017,James Gaskets,JGI-17054-99-MLS
17052-101,681-4019,James Gaskets,JGI-17054-99-X
17052-99,681-4020,James Gaskets,JGI-17052-99
17052-99,681-4016,James Gaskets,JGI-17052-99-MLS
17052-99,681-4018,James Gaskets,JGI-17052-99-X
17052-99,681-4021,James Gaskets,JGI-17054-99
17052-99B,68-9146,Cometic Gaskets,C9146
17052-99B,681-4014,James Gaskets,JGI-17052-05
17052-99B,681-4012,James Gaskets,JGI-17052-05-X
17052-99B,681-4015,James Gaskets,JGI-17054-05
17052-99B,681-4011,James Gaskets,JGI-17054-05-MLS
17052-99B,681-4013,James Gaskets,JGI-17054-05-X
17053-99B,68-9171,Cometic Gaskets,C9171
17053-99B,681-4004,James Gaskets,JGI-17053-05
17053-99B,681-4005,James Gaskets,JGI-17053-05-X
17053-99B,681-4009,James Gaskets,JGI-17053-99
17053-99B,681-4010,James Gaskets,JGI-17053-99-X
17053-99XX,68-9172,Cometic Gaskets,C9172
17286-99,68-9577,Cometic Gaskets,C9577
17353-86,68-9279,Cometic Gaskets,C9279
17353-86,681-5280,James Gaskets,JGI-17353-86
17353-86A,681-5278,James Gaskets,JGI-17353-86-A
17353-89,681-5275,James Gaskets,JGI-17353-89
17353-89A,681-5273,James Gaskets,JGI-17353-04
17353-89B,68-9280,Cometic Gaskets,C9280
17353-89C,68-9208,Cometic Gaskets,C9208
17354-86,68-9275,Cometic Gaskets,C9275
17354-86,681-5279,James Gaskets,JGI-17354-86
17354-86A,68-9010,Cometic Gaskets,C9010
17354-86A,681-5277,James Gaskets,JGI-17354-86-A
17354-89,68-9276,Cometic Gaskets,C9276
17354-89A,681-5274,James Gaskets,JGI-17354-89
17355-84,681-4446,James Gaskets,JGI-17355-84
17355-84A,68-9281,Cometic Gaskets,C9281
17355-84A,681-4444,James Gaskets,JGI-17355-84-A
17355-92,68-9282,Cometic Gaskets,C9282
17355-92,681-4441,James Gaskets,JGI-17355-92
17356-84,681-4445,James Gaskets,JGI-17356-84
17356-84A,68-9277,Cometic Gaskets,C9277
17356-84A,681-4443,James Gaskets,JGI-17356-84-A
17356-92,68-9278,Cometic Gaskets,C9278
17356-92,681-4440,James Gaskets,JGI-17356-92
1735-86A,68-9014,Cometic Gaskets,C9014
17358-84,68-9707F,Cometic Gaskets,C9707
17358-84,681-4447,James Gaskets,JGI-17358-84
17358-84A,68-9283,Cometic Gaskets,C9283
17358-84A,681-4442,James Gaskets,JGI-17358-84-A
17362-07,68-9196,Cometic Gaskets,C9196
17362-07,681-5270,James Gaskets,JGI-17362-07
17369-06,68-9150,Cometic Gaskets,C9150
17369-06,68-9152F1,Cometic Gaskets,C9152F1
17369-06,68-9152F5,Cometic Gaskets,C9152F5
17386-99,681-4101,James Gaskets,JGI-17386-99
17393-07,68-9198,Cometic Gaskets,C9198
17393-07,681-5272,James Gaskets,JGI-17393-07
17507-48,68-9346,Cometic Gaskets,C9346
17507-48,681-5064,James Gaskets,JGI-17507-48
17536-70,68-9602,Cometic Gaskets,C9602
17536-70,681-5520,James Gaskets,JGI-17536-70
17540-69,68-10008,Cometic Gaskets,C10008
17540-69,68-9336,Cometic Gaskets,C9336
17540-69,68-9986,Cometic Gaskets,C9986
17540-69,681-4803,James Gaskets,JGI-17540-69
17540-69,681-4804,James Gaskets,JGI-17540-69-A
17540-69,681-4802,James Gaskets,JGI-17540-69-X
17540-69,681-4801,James Gaskets,JGI-17540-99-X
17541-48A,68-9342,Cometic Gaskets,C9342
17541-48B,681-5061,James Gaskets,JGI-17541-48-A
17541-48B,681-5062,James Gaskets,JGI-17541-48-B
17541-48B,681-5063,James Gaskets,JGI-17541-48-C
17541-48B,681-5060,James Gaskets,JGI-17541-48-DL
17591-99,68-9579,Cometic Gaskets,C9579
17591-99,681-4103,James Gaskets,JGI-17591-99
17592-99,68-9580,Cometic Gaskets,C9580
17592-99,681-4105,James Gaskets,JGI-17592-99
17695-07,68-9197,Cometic Gaskets,C9197
17695-07,681-5271,James Gaskets,JGI-17695-07
17920-53A,820-58016,HardDrive,820-58016
17935-79,830-1128,Colony,9213-4
17944-89,68-9295,Cometic Gaskets,C9295
17944-89,681-5303,James Gaskets,JGI-17944-89
17948-99,830-1119,Colony,9969-4
17955-36,68-9598,Cometic Gaskets,C9598
17955-36,681-4815,James Gaskets,JGI-17955-36
17955-36A,681-4813,James Gaskets,JGI-17955-36-A
17955-36-A,68-9408,Cometic Gaskets,C9408
17955-48,68-9606,Cometic Gaskets,C9606
17955-48,681-4819,James Gaskets,JGI-17955-48
17955-48A,681-4817,James Gaskets,JGI-17955-48-A
17976-04,68-9955,Cometic Gaskets,C9955
17976-04,681-5309,James Gaskets,JGI-17976-04
17976-04,681-5308,James Gaskets,JGI-17976-04-F
18000-81,68-9424,Cometic Gaskets,C9424
18000-81,68-9998,Cometic Gaskets,C9998
18000-81,681-4822,James Gaskets,JGI-18000-81
18001-83,68-9836,Cometic Gaskets,C9836
18001-83A,681-4125,James Gaskets,JGI-18001-83-A
18023-87,191-17007,Kibble White,20-2013
18024-87,191-17008,Kibble White,20-2014
18030-86,191-17006,Kibble White,20-20092
18031-86,191-17005,Kibble White,20-20090
18046-98 S/EAGLE,68-9166,Cometic Gaskets,C9166
18069-65R,191-17020,Kibble White,20-4167
18070-70,191-17021,Kibble White,20-4196
18071-48,191-17013,Kibble White,20-4257
18071-58,191-17023,Kibble White,20-4258
18074-05A,191-17011,Kibble White,20-20322
18074-66,191-17003,Kibble White,20-4194
18074-83A,191-17001,Kibble White,20-4171
18080-58A,191-17015,Kibble White,20-4197
18080-58R,191-17015,Kibble White,20-4197
18082-57A,191-17004,Kibble White,20-4195
18082-57A,191-17004,Kibble White,20-4195
18082-83,191-17002,Kibble White,20-4170
18085-05A,191-17012,Kibble White,20-20325
18094-02,68-9153,Cometic Gaskets,C9153
18094-02,681-4124,James Gaskets,JGI-18094-02
18104-81A,191-57049C,Kibble White,20-2056C
18104-81A,191-57049C,Kibble White,20-2056C
18106-81A,191-57048C,Kibble White,20-2054C
18106-81A,191-57048C,Kibble White,20-2054C
18108-81A,191-57047C,Kibble White,20-2052C
18108-81A,191-57047C,Kibble White,20-2052C
18109-81A,191-57002C,Kibble White,20-2051C
18109-81A,191-57002C,Kibble White,20-2051C
18112-92,191-57003C,Kibble White,20-4320C
18130-83C,191-57004C,Kibble White,20-4321C
18131-83C,191-57040C,Kibble White,20-4323C
18133-83A,191-57039C,Kibble White,20-4322C
18138-79A,191-57041C,Kibble White,20-2020C
18138-79A,191-57042C,Kibble White,20-2021C
18138-79A,191-57017C,Kibble White,20-2030C
18138-79A,191-57018C,Kibble White,20-2031C
18138-79C,191-57041C,Kibble White,20-2020C
18138-79C,191-57017C,Kibble White,20-2030C
18140-79A,191-57046C,Kibble White,20-2026C
18140-79A,191-57022C,Kibble White,20-2036C
18141-79A,191-57045C,Kibble White,20-2024C
18141-79A,191-57021C,Kibble White,20-2034C
18143-79A,191-57043C,Kibble White,20-2022C
18143-79A,191-57043C,Kibble White,20-2022C
18143-79A,191-57019C,Kibble White,20-2032C
18143-79A,191-57019C,Kibble White,20-2032C
18170-57A,191-57034C,Kibble White,20-2330C
18170-57A,191-57034C,Kibble White,20-2330C
18172-57A,191-57035C,Kibble White,20-2331C
18172-57A,191-57035C,Kibble White,20-2331C
18176-57A,191-57056C,Kibble White,20-2320C
18176-57A,191-57056C,Kibble White,20-2320C
18179-57B,191-57057C,Kibble White,20-2321C
18179-57B,191-57057C,Kibble White,20-2321C
18196-51,68-9419,Cometic Gaskets,C9419
18196-51,681-4826,James Gaskets,JGI-18196-51
18542-83A/18540-83A,820-58015,HardDrive,820-58015
18570-38,830-1186,Colony,8780-4
18600-66B/18610-66B,820-58013,HardDrive,820-58013
18600-66B/18610-66B,820-58014,HardDrive,820-58014
18633-48C,681-4467,James Gaskets,JGI-18633-48-A/C
18633-48D,68-9297,Cometic Gaskets,C9297
18633-48D,68-9297F,Cometic Gaskets,C9297F
18633-48D,681-4463,James Gaskets,JGI-18633-48-D
18634-48C,68-9298,Cometic Gaskets,C9298
18634-48C,68-9298F,Cometic Gaskets,C9298F
18634-48C,681-4466,James Gaskets,JGI-18634-48-A/B
18634-48C,681-4462,James Gaskets,JGI-18634-48-C
18635-99,68-9578F,Cometic Gaskets,C9578F
18635-99,681-4120,James Gaskets,JGI-18635-99-F
18690-02,191-17028,Kibble White,20-20260
18691-02,191-17030,Kibble White,20-20265
2168-07,850-08301,Namz,NM-33012-1002
22265-00Y,681-5351,James Gaskets,JGI-26638-00-Y
23557-83,275-01151,SMP,MCVOS2
23901-81,830-1157,Colony,2570-2
23902-81,830-1159,Colony,2572-1
23960-54,820-58002,HardDrive,820-58002
23961-41,820-58000,HardDrive,820-58000
23961-80A,820-58020,HardDrive,820-58020
23966-36,830-1171,Colony,7109-2
23966-54A,830-1152,Colony,2412-2
23967-41,830-1151,Colony,2411-2
23967-54A,830-1156,Colony,2569-2
23969-83,830-1158,Colony,2571-2
23971-41,830-1153,Colony,2412-6
23971-54,830-1154,Colony,2413-6
24003-55,830-1182,Colony,7826-1
24015-36,830-1147,Colony,2384-4
24016-80,830-1145,Colony,2375-1
24017-72 and 24017-80,830-1141,Colony,2288-1
24023-36,830-1139,Colony,2286-1
24023-54,830-1150,Colony,2409-1
24275-57A,820-58009,HardDrive,820-58009
24275-80B,820-58010,HardDrive,820-58010
24275-86B,820-58011,HardDrive,820-58011
24281-41B,820-58004,HardDrive,820-58004
24281-74B,820-58005,HardDrive,820-58005
24281-80A,820-58006,HardDrive,820-58006
24281-83A,820-58007,HardDrive,820-58007
24370-52B,820-58003,HardDrive,820-58003
24385-40B,820-58001,HardDrive,820-58001
24931-39,681-5178,James Gaskets,JGI-24931-39
24978-57,68-9404,Cometic Gaskets,C9404
24978-57,681-5626,James Gaskets,JGI-24978-57
24982-70,830-1104,Colony,2146-2
24990-52,681-5163,James Gaskets,JGI-24990-52
25224-52A,681-5604,James Gaskets,JGI-25224-52-A
25224-52A,681-5603,James Gaskets,JGI-25224-52-X
25225-36C,68-9334F5,Cometic Gaskets,C9334F5
25225-36C,681-4881,James Gaskets,JGI-25225-36-C
25225-36C,681-4880,James Gaskets,JGI-25225-36-CX
25225-70,68-9302F1,Cometic Gaskets,C9302F1
25225-70A,681-4547,James Gaskets,JGI-25225-70-B
25225-70A,681-4546,James Gaskets,JGI-25225-70-X
25225-70A,681-4545,James Gaskets,JGI-25225-70-XM
25225-70B,68-9302F5,Cometic Gaskets,C9302F5
25225-93,68-9328F1,Cometic Gaskets,C9328F1
25225-93,68-9328F5,Cometic Gaskets,C9328F5
25225-93B,681-4543,James Gaskets,JGI-25225-93
25225-93B,681-4542,James Gaskets,JGI-25225-93-X
25225-93B,681-4541,James Gaskets,JGI-25225-93-XM
25244-99,68-9575F1,Cometic Gaskets,C9575F1
25244-99,68-9575F5,Cometic Gaskets,C9575F5
25244-99,681-4202,James Gaskets,JGI-25244-99
25263-81,68-9332,Cometic Gaskets,C9332
25263-81,681-5602,James Gaskets,JGI-25263-81
25263-86,681-5386,James Gaskets,JGI-25263-86
25263-86,681-5385,James Gaskets,JGI-25263-86-X
25263-90,681-5383,James Gaskets,JGI-25263-90
25263-90,681-5382,James Gaskets,JGI-25263-90-X
25263-90B,68-9313F5,Cometic Gaskets,C9313F5
25263-90C,681-5380,James Gaskets,JGI-25263-00-X
25263-90D,68-9944F1,Cometic Gaskets,C9944F1
25263-90D,68-9944F5,Cometic Gaskets,C9944F5
25279-08,68-10029F1,Cometic Gaskets,C10029F1
25279-08,68-10029F5,Cometic Gaskets,C10029F5
25414-79A,681-4873,James Gaskets,JGI-25414-79-A
25414-82,681-5033,James Gaskets,JGI-25414-82-DL
25416-16,68-10140F1,Cometic Gaskets,C10140F1
25416-70,68-9338F1,Cometic Gaskets,C9338F1
25416-70,681-4941,James Gaskets,JGI-25416-70
25416-70,681-4622,James Gaskets,JGI-25416-70-DL
25416-70,681-4940,James Gaskets,JGI-25416-70-X
25416-70C,68-9338F5,Cometic Gaskets,C9338F5
25416-84,68-9442,Cometic Gaskets,C9442
25416-84,681-4621,James Gaskets,JGI-25416-84
25416-84,681-4620,James Gaskets,JGI-25416-84-X
25416-99,68-9662,Cometic Gaskets,C9662
25416-99A,681-4267,James Gaskets,JGI-25416-99
25416-99A,681-4266,James Gaskets,JGI-25416-99-F
25416-99B,681-4269,James Gaskets,JGI-25416-99-X
25416-99C,68-9183F1,Cometic Gaskets,C9183F1
25416-99C,68-9183F5,Cometic Gaskets,C9183F5
25416-99C,68-9997F1,Cometic Gaskets,C9997F1
25416-99C,68-9997F5,Cometic Gaskets,C9997F5
25416-99C,681-4268,James Gaskets,JGI-25416-06-X
25437-86,681-5430,James Gaskets,JGI-25437-86
25463-94,681-5431,James Gaskets,JGI-25463-94
25463-94A,68-9220,Cometic Gaskets,C9220
25700370-K,681-6124,James Gaskets,JGI-25700370-K
25700378-K,681-6126,James Gaskets,JGI-25700378-K
25700731-19,68-10302,Cometic Gaskets,C10302
25811-11,681-5001,James Gaskets,JGI-25811-11
26035-99B,820-58017,HardDrive,820-58017
26037-06,820-58018,HardDrive,820-58018
26072-90,68-9490F,Cometic Gaskets,C9490F
26072-90A,681-4665,James Gaskets,JGI-26072-90
26072-90A,681-4664,James Gaskets,JGI-26072-90-X
26072-99,68-9646F,Cometic Gaskets,C9646F
26072-99,681-4304,James Gaskets,JGI-26072-99
26072-99,681-4305,James Gaskets,JGI-26072-99-X
26077-93,68-9265F,Cometic Gaskets,C9265F
26077-93,681-4663,James Gaskets,JGI-26077-93
26077-99,68-9647F,Cometic Gaskets,C9647F
26077-99,681-4306,James Gaskets,JGI-26077-99
26227-58,68-9349,Cometic Gaskets,C9349
26227-58,681-4872,James Gaskets,JGI-26227-58
26231-78,68-9715,Cometic Gaskets,C9715
26231-78,681-4870,James Gaskets,JGI-26231-78
26244-37,68-9397,Cometic Gaskets,C9397
26245-41,68-9393,Cometic Gaskets,C9393
26245-41,681-4865,James Gaskets,JGI-26245-41
26246-68A,681-4861,James Gaskets,JGI-26246-68-A
26246-68A,681-4863,James Gaskets,JGI-26246-68-D
26246-68D,68-9391,Cometic Gaskets,C9391
26255-41,681-5121,James Gaskets,JGI-26255-41
26256-52,68-9390,Cometic Gaskets,C9390
26256-52,681-5579,James Gaskets,JGI-26256-52
26257-41,681-5120,James Gaskets,JGI-26257-41
26257-50A,68-9394,Cometic Gaskets,C9394
26257-50A,681-4864,James Gaskets,JGI-26257-50-A
26258-52,68-9385,Cometic Gaskets,C9385
26258-52,681-5577,James Gaskets,JGI-26258-52
26258-62,68-9389,Cometic Gaskets,C9389
26258-62,681-5575,James Gaskets,JGI-26258-62
26258-68B,681-4860,James Gaskets,JGI-26258-68-B
26258-68B,681-4862,James Gaskets,JGI-26258-68-D
26258-68D,68-9392,Cometic Gaskets,C9392
26259-52,68-9388,Cometic Gaskets,C9388
26259-52,681-5578,James Gaskets,JGI-26259-52
26259-52,681-5576,James Gaskets,JGI-26259-62
26259-62,68-9386,Cometic Gaskets,C9386
26263-80,830-1102,Colony,2073-2
26273-80B,68-9381,Cometic Gaskets,C9381
26273-80B,681-4512,James Gaskets,JGI-26273-80-AM
26273-80B,681-4514,James Gaskets,JGI-26273-80-B
26273-92,68-9383,Cometic Gaskets,C9383
26273-92,681-4510,James Gaskets,JGI-26273-92
26276-80A,68-9382,Cometic Gaskets,C9382
26276-80A,681-4515,James Gaskets,JGI-26276-80-A
26276-80A,681-4513,James Gaskets,JGI-26276-80-M
26276-92,681-4511,James Gaskets,JGI-26276-92
26340-36,681-4866,James Gaskets,JGI-26340-36
26348-15,681-4521,James Gaskets,JGI-26348-15
26348-36,681-4522,James Gaskets,JGI-26348-36
26381-92A,820-2680,HardDrive,820-2680
26432-76A,68-9287,Cometic Gaskets,C9287
26432-76A,681-4486,James Gaskets,JGI-26432-76-A
26432-76A,681-4487,James Gaskets,JGI-26432-76-X
26432-99,681-4147,James Gaskets,JGI-26432-99
26432-99,681-4148,James Gaskets,JGI-26432-99-X
26433-77,681-5581,James Gaskets,JGI-26433-77
26433-77 / 11301,68-9449,Cometic Gaskets,C9449
26434-76A,68-9439,Cometic Gaskets,C9439
26434-76A,68-9445,Cometic Gaskets,C9445
26434-76A,681-5366,James Gaskets,JGI-26434-76-A
26434-91,681-5367,James Gaskets,JGI-26434-91
26495-75,68-9399,Cometic Gaskets,C9399
26495-75,68-9399F,Cometic Gaskets,C9399F
26495-75,681-5364,James Gaskets,JGI-26495-75
26495-75,681-5363,James Gaskets,JGI-26495-75-F
26495-89,681-5362,James Gaskets,JGI-26495-89
26495-89,681-5361,James Gaskets,JGI-26495-89-DL
26495-89,681-5360,James Gaskets,JGI-26495-89-F
26495-89B,68-9315F,Cometic Gaskets,C9315F
26558-84,275-01150,SMP,MCVOS1
26561-99,275-01001,SMP,MCOPS4
26566-91,275-01152,SMP,MCVOS3
26856-89,68-9481,Cometic Gaskets,C9481
26856-89,681-5276,James Gaskets,JGI-26856-89
26858-99,68-9633,Cometic Gaskets,C9633
26858-99,681-4108,James Gaskets,JGI-26858-99
26995-86A,681-4219,James Gaskets,JGI-26992-99
26995-86A,681-4562,James Gaskets,JGI-26995-86-A
26995-86A,681-4563,James Gaskets,JGI-26995-97-X
26995-86A,681-4564,James Gaskets,JGI-26995-98
26995-86A/26992-99,68-9290,Cometic Gaskets,C9290
27002-89,68-9088,Cometic Gaskets,C9088
27002-89,681-4565,James Gaskets,JGI-27002-89
27006-76,865-01035,Cycle Pro,20706
27006-76T,681-4777,James Gaskets,JGI-27006-76
27006-88,865-01036,Cycle Pro,20709
27009-86B,820-2694,HardDrive,820-2694
27010-86B,820-2695,HardDrive,820-2695
27023-71,68-9417,Cometic Gaskets,C9417
27023-71,681-4891,James Gaskets,JGI-27023-71
27060-55,68-9453,Cometic Gaskets,C9453
27060-55,681-4893,James Gaskets,JGI-27060-55
27060-55,681-4894,James Gaskets,JGI-27060-55-V
27062-78,68-9608,Cometic Gaskets,C9608
27062-78,681-4890,James Gaskets,JGI-27062-78
27071-88T,820-2686,HardDrive,820-2686
27077-78,68-9425,Cometic Gaskets,C9425
27077-78,681-4560,James Gaskets,JGI-27077-78
27077-78,681-4561,James Gaskets,JGI-27077-78-X
27121-89,681-4597,James Gaskets,JGI-27121-89
27157-89,681-4600,James Gaskets,JGI-27157-89
27200038-CVO,68-10247-CVO,Cometic Gaskets,C10247-CVO
27219-95,275-01034,SMP,MCFPR1
27237-95,681-4240,James Gaskets,JGI-27237-95
27244-95,681-4241,James Gaskets,JGI-27244-95
27270-95,275-01040,SMP,MCATS1
27311-76,865-01042,Cycle Pro,22733
27311-76A,681-4592,James Gaskets,JGI-27311-76-A
27312-76,681-4915,James Gaskets,JGI-27312-76
27324-83,681-4913,James Gaskets,JGI-27324-83
27326-71,681-5627,James Gaskets,JGI-27326-71
27336-76,681-4892,James Gaskets,JGI-27336-76
27337-76,865-01040,Cycle Pro,22731
27358-76,681-4916,James Gaskets,JGI-27358-76
27360-76,681-4591,James Gaskets,JGI-27360-76
27361-76,865-01039,Cycle Pro,22730
27361-76,681-4590,James Gaskets,JGI-27361-76
27374-57,681-4912,James Gaskets,JGI-27374-57
27378-57,681-5166,James Gaskets,JGI-27378-57
27385-76,681-4594,James Gaskets,JGI-27385-76
27402-33,681-5164,James Gaskets,JGI-27402-33
27403-71,681-4910,James Gaskets,JGI-27403-71
27404-71,681-4911,James Gaskets,JGI-27404-71
27410-57,681-5140,James Gaskets,JGI-27410-57
27421-99C,865-01290,Cycle Pro,30100
27444-00Y,68-9201,Cometic Gaskets,C9201
27444-00Y,681-4330,James Gaskets,JGI-27444-00-Y
27465-04,865-01290,Cycle Pro,30100
27483-07,820-2634,HardDrive,820-2634
27490-04,865-01290,Cycle Pro,30100
27577-88,681-4599,James Gaskets,JGI-27577-88
27577-92,681-4598,James Gaskets,JGI-27577-92
27581-88,820-50921,HardDrive,820-50921
27585-88,865-01032,Cycle Pro,20755
27594-76,820-50569,HardDrive,820-50569
27609-01,275-01038,SMP,MCINJ3
27628-01A,275-01037,SMP,MCIAC3
27629-01,275-01030,SMP,MCTPS1
27646-71,681-5625,James Gaskets,JGI-27646-71
27658-06,275-01036,SMP,MCIAC2
27659-06,275-01031,SMP,MCTPS2
27683-07,865-01001,Cycle Pro,14273
27703-08,865-01002,Cycle Pro,14274
27719-07,865-01000,Cycle Pro,14272
27886-78,865-01041,Cycle Pro,22732
27889-78,681-4914,James Gaskets,JGI-27889-78
27892-78,681-4917,James Gaskets,JGI-27892-78
27964-00,681-4243,James Gaskets,JGI-27964-00
28780CP,820-50835,HardDrive,820-50835
29036-41,NU-3412,UNI filter,NU-3412
29036-72,NU-3403,UNI filter,NU-3403
29036-72,NU-3403,UNI filter,NU-3403
29036-72,NU-3403,UNI filter,NU-3403
29036-86T,722085,K&N,HD-2085
29036-88,NU-3424,UNI filter,NU-3424
29036-88B/29331-96,820-50654,HardDrive,820-50654
29036-88B/29331-96,721388,K&N,HD-1388
29044-04B,720900,K&N,HD-0900
29044-04B,820-50666,HardDrive,820-50666
29055-89,820-50656,HardDrive,820-50656
29058-77,68-9300,Cometic Gaskets,C9300
29058-77,681-4570,James Gaskets,JGI-29058-77
29058-77,681-4896,James Gaskets,JGI-29058-77-A
29059-88,681-4568,James Gaskets,JGI-29059-88
29059-88,681-4569,James Gaskets,JGI-29059-88-A
29059-88,681-4567,James Gaskets,JGI-29059-88-X
29059-88-A,68-9301,Cometic Gaskets,C9301
29062-95,68-9626F,Cometic Gaskets,C9626F
29062-95B,681-4244,James Gaskets,JGI-29062-95-B
29086-75,NU-3405,UNI filter,NU-3405
29086-75,NU-3405,UNI filter,NU-3405
29095-95,681-4571,James Gaskets,JGI-29095-95
29191-08,729608,K&N,HD-9608
29191-08,820-50662,HardDrive,820-50662
29209-86,70-6247,Motion Pro,06-0247
29210-86,70-6247,Motion Pro,06-0247
29211-86,70-6205,Motion Pro,06-0205
29213-79,70-6205,Motion Pro,06-0205
29216-72,70-6244,Motion Pro,06-0244
29219-78,70-6244,Motion Pro,06-0244
29225-79,70-6247,Motion Pro,06-0247
29229-88/A,70-6204,Motion Pro,06-0204
29236-90,70-6204,Motion Pro,06-0204
29238-92,70-6295,Motion Pro,06-0295
29241-08,681-4211,James Gaskets,JGI-29241-08
29242-83,68-9299,Cometic Gaskets,C9299
29242-83,681-4566,James Gaskets,JGI-29242-83
29244-08,720818,K&N,HD-0818
29244-08,820-50660,HardDrive,820-50660
29259-83TA,722084,K&N,HD-2084
29259-86,NU-3423,UNI filter,NU-3423
29259-86T,722086,K&N,HD-2086
29259-86T,820-50657,HardDrive,820-50657
29259-89,NU-3425,UNI filter,NU-3425
29259-91A/29330-96,820-50653,HardDrive,820-50653
29259-91A/29330-96,721390,K&N,HD-1390
29259-93,NU-3427,UNI filter,NU-3427
29291-95,721395,K&N,HD-1395
29291-95,820-50655,HardDrive,820-50655
29313-95,68-9634F,Cometic Gaskets,C9634F
29313-95,681-4217,James Gaskets,JGI-29313-95
29314-08,721611,K&N,HD-1611
29331-04,728834,K&N,HD-8834
29331-04,820-50658,HardDrive,820-50658
29368-99,68-9641F,Cometic Gaskets,C9641F
29368-99,681-4242,James Gaskets,JGI-29368-99
29377-08,721208,K&N,HD-1208
29385-08,720808,K&N,HD-0808
29385-08,820-50661,HardDrive,820-50661
29437-01,721102,K&N,HD-1102
29442-99,820-50665,HardDrive,820-50665
29442-99A/B/C/D/E,720800,K&N,HD-0800
29461-99,721499,K&N,HD-1499
29461-99,820-50652,HardDrive,820-50652
29462-99,728899,K&N,HD-8899
29463-99,68-9643F,Cometic Gaskets,C9643F
29463-99,681-4216,James Gaskets,JGI-29463-99
29550-55,68-9327,Cometic Gaskets,C9327
29550-55,681-5561,James Gaskets,JGI-29550-55
29583-01,681-4213,James Gaskets,JGI-29583-01
29583-01A,681-4212,James Gaskets,JGI-29583-01-A
29603-48,681-5562,James Gaskets,JGI-29603-48
29633-08,721508,K&N,HD-1508
29633-08,820-50659,HardDrive,820-50659
29645-08,68-10007,Cometic Gaskets,C10007
29645-08,681-4214,James Gaskets,JGI-29645-08
29670-09,720910,K&N,HD-0910
29670-09,820-50663,HardDrive,820-50663
29911-82,681-5563,James Gaskets,JGI-29911-82
29951-99,273-1431,Cycle Electric,CE-9902
29951-99,273-1431,Cycle Electric,CE-9902
29965-81A,273-1421,Cycle Electric,CE-8188
29967-84A,273-1424,Cycle Electric,CE-8590
29967-89,273-1429,Cycle Electric,CE-9100
29970-88,273-1426,Cycle Electric,CE-8999
29975-65A,26-20003,WPS Starter,GHD0003
29975-65A/29978-77A,280-2001,All Balls Racing,80-2001
29987-02,273-1402,Cycle Electric,CE-3845-02
29987-06A,273-1418,Cycle Electric,CE-8012
29987-97,273-1403,Cycle Electric,CE-3845-97
29987-99,273-1404,Cycle Electric,CE-3845-99
29997-07,273-1401,Cycle Electric,CE-0732
30017-01,273-1405,Cycle Electric,CE-6010
30017-01,273-1405,Cycle Electric,CE-6010
30017-07,273-1413,Cycle Electric,CE-8010-07
30017-07,273-1413,Cycle Electric,CE-8010-07
30017-08,273-1415,Cycle Electric,CE-8010-08
30017-08,273-1415,Cycle Electric,CE-8010-08
30143-30,68-9322,Cometic Gaskets,C9322
30143-30,681-5102,James Gaskets,JGI-30143-30
30143-58,68-9321,Cometic Gaskets,C9321
30143-58,68-9321F,Cometic Gaskets,C9321F
30143-58,681-5101,James Gaskets,JGI-30143-58
30145-46A,681-5007,James Gaskets,JGI-30145-46-A
31015-30,681-5103,James Gaskets,JGI-31015-30
31320-80,68-9507F,Cometic Gaskets,C9507F
31320-80,681-4708,James Gaskets,JGI-31320-80
31321-80,68-9508F,Cometic Gaskets,C9508F
31321-80,681-4709,James Gaskets,JGI-31321-80
31341-80,681-4636,James Gaskets,JGI-31341-80-DL
31341-80-DL,68-9509,Cometic Gaskets,C9509
31390-86,280-1009,All Balls Racing,80-1009
31390-86,26-20004,WPS Starter,SHD0004
31390-91B,280-1010,All Balls Racing,80-1010
31433-84,681-4626,James Gaskets,JGI-31433-84
31433-84A,68-9363,Cometic Gaskets,C9363
31433-84A,681-4627,James Gaskets,JGI-31433-84-A
31443-65,820-60300,HardDrive,820-60300
31443-65A,279-2109,All Balls Racing,79-2109
31461-70,68-9701F,Cometic Gaskets,C9701
31461-70,681-5674,James Gaskets,JGI-31461-70
31463-88T,280-1007,All Balls Racing,80-1007
31463-88T,26-20001,WPS Starter,SHD0001
31471-67,681-5675,James Gaskets,JGI-31471-67-A
31471-67A,68-9324,Cometic Gaskets,C9324
31478-65,681-4956,James Gaskets,JGI-31478-65-X
31488-77,68-9333,Cometic Gaskets,C9333
31488-77,681-5673,James Gaskets,JGI-31488-77
31488-77,681-5672,James Gaskets,JGI-31488-77-F
31488-81,68-9312,Cometic Gaskets,C9312
31488-81,681-5472,James Gaskets,JGI-31488-81
31488-81,681-5471,James Gaskets,JGI-31488-81-F
31497-65,681-4950,James Gaskets,JGI-31497-65
31504-91A,275-01093,SMP,MCRLY4
31504-91A,850-08624,Namz,NSR-3001
31506-79B,275-01091,SMP,MCRLY2
31511-01A,275-01095,SMP,MCRLY6
31522-00,275-01094,SMP,MCRLY5
31544-90,279-2103,All Balls Racing,79-2103
31553-90,280-1001,All Balls Racing,80-1001
31553-90,280-1003,All Balls Racing,80-1003
31553-90,26-20006,WPS Starter,SHD0006
31553-94,280-1002,All Balls Racing,80-1002
31553-94,280-1004,All Balls Racing,80-1004
31553-94,26-20006C,WPS Starter,SHD0006C
31570-73,280-1005,All Balls Racing,80-1005
31570-73,26-30011,WPS Starter,SHI0011
31570-73,26-30011C,WPS Starter,SHI0011-C
31586-07,275-01097,SMP,MCRLY9
31601-04,275-01096,SMP,MCRLY8
31618-06,280-1013,All Balls Racing,80-1013
31618-06,26-20013,WPS Starter,SHD0013
31618-06A,280-1014,All Balls Racing,80-1014
31618-06A,26-20013C,WPS Starter,SHD0013-C
31633-07,820-60304,HardDrive,820-60304
31663-90,279-2101,All Balls Racing,79-2101
31663-90,820-60303,HardDrive,820-60303
31663-90,820-60302,HardDrive,820-60302
31681-07,279-2104,All Balls Racing,79-2104
31695-90,681-4331,James Gaskets,JGI-31695-90
31717-01K,26-20020,WPS Starter,SHD0020
32313-01,865-01094,Cycle Pro,18424
32315-01,275-01033,SMP,MCTS2
32316-99,275-01043,SMP,MCMAP3
32319-07,865-01280,Cycle Pro,18431
32400-80A,275-01070,SMP,MCSPA1
32400-94,275-01072,SMP,MCSPA3
32404-90,275-01071,SMP,MCSPA2
32424-95,275-01041,SMP,MCMAP1
32435-00,850-08772,Namz,NHD-32435-00
32435-01,850-08773,Namz,NHD-32435-01
32435-99,850-08771,Namz,NHD-32435-99
32446-99,275-01032,SMP,MCTS1
32496-99,865-01080,Cycle Pro,18410
32497-99,865-01090,Cycle Pro,18420
32521-36,68-9337,Cometic Gaskets,C9337
32521-36,681-5002,James Gaskets,JGI-32521-36
32522-37,68-9325,Cometic Gaskets,C9325
32591-70,68-9323,Cometic Gaskets,C9323
32591-70,681-5671,James Gaskets,JGI-32591-70
32591-70,681-5670,James Gaskets,JGI-32591-70-F
32591-80,68-9306,Cometic Gaskets,C9306
32591-80,68-9306F,Cometic Gaskets,C9306F
32591-80,681-4710,James Gaskets,JGI-32591-80
32591-80,681-4711,James Gaskets,JGI-32591-80-F
32661-70,275-01020,SMP,MCDR2240X
32707-00,865-01092,Cycle Pro,18422
32707-01C,865-01093,Cycle Pro,18423
32726-30A,275-01022,SMP,MCDR60X
32726-30A,275-01023,SMP,MCDR90X
32793-00,865-01081,Cycle Pro,18411
32794-00,865-01082,Cycle Pro,18412
32798-00,865-01091,Cycle Pro,18421
32798-04,865-01095,Cycle Pro,18426
32804-04,865-01096,Cycle Pro,18427
33031-17,681-6121,James Gaskets,JGI-33031-17
33031-70,68-9464,Cometic Gaskets,C9464
33031-70,68-9464F,Cometic Gaskets,C9464F
33031-80,68-9465,Cometic Gaskets,C9465
33031-82,68-9466,Cometic Gaskets,C9466
33031-85,68-9467,Cometic Gaskets,C9467
33031-91,68-9468,Cometic Gaskets,C9468
33043-80,68-9497,Cometic Gaskets,C9497
33043-80,681-4690,James Gaskets,JGI-33043-80
33057-72,820-53008,HardDrive,820-53008
33068-54,820-53011,HardDrive,820-53011
33076-37,68-9384,Cometic Gaskets,C9384
33076-37,681-4988,James Gaskets,JGI-33076-37
33076-37/29603-48,68-9374,Cometic Gaskets,C9374
33085-36T,820-53015,HardDrive,820-53015
33126-90/33126-93,279-2105,All Balls Racing,79-2105
33126-94,279-2106,All Balls Racing,79-2106
33196-79,68-9517F,Cometic Gaskets,C9517F
33196-79,681-4662,James Gaskets,JGI-33196-79
33295-36,68-9515032AFM,Cometic Gaskets,C9515-032AFM
33295-36,681-4657,James Gaskets,JGI-33295-36
33295-36,681-4656,James Gaskets,JGI-33295-36-X
33318-85,681-4631,James Gaskets,JGI-33318-85
33340-90,681-4637,James Gaskets,JGI-33340-90
33345-89,681-4632,James Gaskets,JGI-33345-89
33668-07,820-54214,HardDrive,820-54214
33709-82A,820-51762,HardDrive,820-51762
33900-59C,275-01081,SMP,MCNSS2
33901-79,275-01083,SMP,MCNSS4
33902-98,275-01084,SMP,MCNSS5
33904-00,275-01085,SMP,MCNSS6
34035-52,68-9370,Cometic Gaskets,C9370
34035-52,681-5640,James Gaskets,JGI-34035-52
34036-36,68-9519,Cometic Gaskets,C9519
34036-36,681-4971,James Gaskets,JGI-34036-36
34036-80,68-9510,Cometic Gaskets,C9510
34036-80,681-4689,James Gaskets,JGI-34036-80
34552-52,68-9520F,Cometic Gaskets,C9520F
34552-52,681-4976,James Gaskets,JGI-34552-52
34565-52,68-9521F,Cometic Gaskets,C9521F
34565-52,681-4977,James Gaskets,JGI-34565-52
34624-77,68-9401,Cometic Gaskets,C9401
34624-77,681-5454,James Gaskets,JGI-34624-77
34824-36,68-9522F,Cometic Gaskets,C9522F
34824-36,681-4970,James Gaskets,JGI-34824-36
34824-79,68-9516032AFM,Cometic Gaskets,C9516-032AFM
34824-79,681-4653,James Gaskets,JGI-34824-79
34901-07,68-9179F1,Cometic Gaskets,C9179F1
34901-07,68-9179F5,Cometic Gaskets,C9179F5
34901-07,681-4261,James Gaskets,JGI-34901-07
34901-07,681-4260,James Gaskets,JGI-34901-07-F
34901-79,681-4932,James Gaskets,JGI-34901-79
34901-79,681-4612,James Gaskets,JGI-34901-79-A
34901-79,681-4611,James Gaskets,JGI-34901-79-B
34901-85,68-9308F1,Cometic Gaskets,C9308F1
34901-85,68-9308F5,Cometic Gaskets,C9308F5
34901-94,68-9307F1,Cometic Gaskets,C9307F1
34901-94,68-9307F5,Cometic Gaskets,C9307F5
34901-94,681-4264,James Gaskets,JGI-34901-94
34902-79A,681-4623,James Gaskets,JGI-34902-79-A
34903-79,681-4624,James Gaskets,JGI-34903-79
34904-00,68-9267,Cometic Gaskets,C9267
34904-79,68-9499F,Cometic Gaskets,C9499F
34904-79,681-4652,James Gaskets,JGI-34904-79
34904-86,681-4651,James Gaskets,JGI-34904-86
34904-86,681-4650,James Gaskets,JGI-34904-86-X
34904-86B,68-9983F,Cometic Gaskets,C9983F
34904-86C,681-4292,James Gaskets,JGI-34904-00-X
34904-86C,681-4293,James Gaskets,JGI-34917-99
34906-79,68-9303F1,Cometic Gaskets,C9303F1
34906-79,68-9303F5,Cometic Gaskets,C9303F5
34906-79,681-4935,James Gaskets,JGI-34906-79
34906-79,681-4618,James Gaskets,JGI-34906-79-A
34906-79,681-4938,James Gaskets,JGI-34906-79-DL
34906-85,68-9305F1,Cometic Gaskets,C9305F1
34906-85,681-4617,James Gaskets,JGI-34906-85
34906-85,681-4619,James Gaskets,JGI-34906-85-DL
34906-85,681-4616,James Gaskets,JGI-34906-85-X
34906-85A,68-9305F5,Cometic Gaskets,C9305F5
34917-06,68-9189,Cometic Gaskets,C9189
34917-06,681-4290,James Gaskets,JGI-34917-06-F
34917-06,681-4291,James Gaskets,JGI-34917-06-X
34917-90,68-9488F,Cometic Gaskets,C9488F
34917-90,681-4294,James Gaskets,JGI-34917-90
34917-90,681-4295,James Gaskets,JGI-34917-90-X
34917-99,68-9645F,Cometic Gaskets,C9645F
34934-06,68-9199F1,Cometic Gaskets,C9199F1
34934-06,68-9199F5,Cometic Gaskets,C9199F5
34934-06,681-4271,James Gaskets,JGI-34934-06
34952-52,68-9317F5,Cometic Gaskets,C9317F5
34952-52,681-5639,James Gaskets,JGI-34952-52
34952-52,681-5638,James Gaskets,JGI-34952-52-A
34955-04,68-9943F1,Cometic Gaskets,C9943F1
34955-04,68-9943F5,Cometic Gaskets,C9943F5
34955-04,681-5421,James Gaskets,JGI-34955-04-F
34955-67,68-9318F5,Cometic Gaskets,C9318F5
34955-67,681-5637,James Gaskets,JGI-34955-67-A
34955-67,681-5635,James Gaskets,JGI-34955-67-F
34955-67,681-5636,James Gaskets,JGI-34955-67-F5
34955-67A,68-9703,Cometic Gaskets,C9703
34955-75,68-9310F1,Cometic Gaskets,C9310F1
34955-75,68-9310F5,Cometic Gaskets,C9310F5
34955-75,681-5426,James Gaskets,JGI-34955-75
34955-75,681-5427,James Gaskets,JGI-34955-75-F
34955-75,681-5428,James Gaskets,JGI-34955-75-F5
34955-75,681-5429,James Gaskets,JGI-34955-75-X
34955-89,68-9314F1,Cometic Gaskets,C9314F1
34955-89,681-5425,James Gaskets,JGI-34955-89
34955-89,681-5422,James Gaskets,JGI-34955-89-F
34955-89,681-5423,James Gaskets,JGI-34955-89-F5
34955-89,681-5424,James Gaskets,JGI-34955-89-X
34955-89A,68-9314F5,Cometic Gaskets,C9314F5
34986-04,68-9957,Cometic Gaskets,C9957
34990-08,681-5420,James Gaskets,JGI-34990-08
35046-36 and 35050-40,830-1155,Colony,2430-2
35047-71A and 35050-52,830-1163,Colony,2679-2
35147-03,681-4300,James Gaskets,JGI-35147-03-F
35147-03,681-4301,James Gaskets,JGI-35147-03-X
35148-03,681-4298,James Gaskets,JGI-35148-03-F
35148-03,681-4299,James Gaskets,JGI-35148-03-X
35151-52A,68-9366,Cometic Gaskets,C9366
35151-52A,681-5560,James Gaskets,JGI-35151-52-A
35151-74,68-9353,Cometic Gaskets,C9353
35151-74,681-5350,James Gaskets,JGI-35151-74
35154-52,681-5686,James Gaskets,JGI-35154-52
35175-38,681-4975,James Gaskets,JGI-35175-38
35211-91B,830-1144,Colony,2320-1
35216-36,681-4972,James Gaskets,JGI-35216-36
35230-39,681-4980,James Gaskets,JGI-35230-39-DL
35230-39DL,68-9523,Cometic Gaskets,C9523
35231-36,68-9411,Cometic Gaskets,C9411
35231-36,681-4974,James Gaskets,JGI-35231-36
35607-06,681-4314,James Gaskets,JGI-35607-06
35607-73,681-4985,James Gaskets,JGI-35607-73
35652-79,681-4655,James Gaskets,JGI-35652-79-A
35652-79,681-4654,James Gaskets,JGI-35652-79-X
35652-79A,68-9264F,Cometic Gaskets,C9264F
35653-98,68-9644F,Cometic Gaskets,C9644F
35653-98,681-4307,James Gaskets,JGI-35653-98
35654-06,68-9187,Cometic Gaskets,C9187
35654-06,681-4302,James Gaskets,JGI-35654-06-F
35654-06,681-4303,James Gaskets,JGI-35654-06-X
36025-36,681-5190,James Gaskets,JGI-36025-36
36753-87A,70-6144,Motion Pro,06-0144
36753-87A,70-660157,Motion Pro,66-0157
36753-87A +6,70-6163,Motion Pro,06-0163
36753-87A +6,70-660169,Motion Pro,66-0169
36755-87A,70-6143,Motion Pro,06-0143
36755-87A,70-660156,Motion Pro,66-0156
36801-79,68-9526F,Cometic Gaskets,C9526F
36801-79,681-4661,James Gaskets,JGI-36801-79
36801-79,681-4660,James Gaskets,JGI-36801-79-X
36801-87,681-4659,James Gaskets,JGI-36801-87-A
36801-87,681-4658,James Gaskets,JGI-36801-87-X
36801-87A,68-9483,Cometic Gaskets,C9483F
36805-06,68-9188,Cometic Gaskets,C9188
36805-06,681-4296,James Gaskets,JGI-36805-06-F
36805-06,681-4297,James Gaskets,JGI-36805-06-X
36821-68,681-4986,James Gaskets,JGI-36821-68
369-36,830-1170,Colony,2901-4
37091-80,68-9496,Cometic Gaskets,C9496
37091-80,681-4524,James Gaskets,JGI-37091-80
37101-84,68-9354,Cometic Gaskets,C9354
37101-84,681-4682,James Gaskets,JGI-37101-84
37101-84,681-4312,James Gaskets,JGI-37101-84-B
37107-06,681-5455,James Gaskets,JGI-37107-06
37116-06,820-50800,HardDrive,820-50800
37116-06,820-50801,HardDrive,820-50801
37337-36,681-5191,James Gaskets,JGI-37337-36
37339-53,68-9364,Cometic Gaskets,C9364
37339-53,681-5651,James Gaskets,JGI-37339-53
37496-90,820-54717,HardDrive,820-54717
37503-41,681-4951,James Gaskets,JGI-37503-41
37531-56,681-5652,James Gaskets,JGI-37531-56-B
37531-56B,68-9368,Cometic Gaskets,C9368
37549-41,810-4001,Alto Clutches,095762KT
3762M,830-1105,Colony,2341-5
37740-57,68-9371,Cometic Gaskets,C9371
37740-57,681-5656,James Gaskets,JGI-37740-57
37741-67,681-5657,James Gaskets,JGI-37741-67
37741-67,681-5658,James Gaskets,JGI-37741-67-A
37741-67A,68-9513,Cometic Gaskets,C9513
37741-82,681-4675,James Gaskets,JGI-37741-82-A
37741-82,681-4676,James Gaskets,JGI-37741-82-DL
37741-82DL,68-9514,Cometic Gaskets,C9514
37762-52,68-9319,Cometic Gaskets,C9319
37762-52,681-5650,James Gaskets,JGI-37762-52
37871-84,810-4003,Alto Clutches,26767
37906-90,22-53104,All Balls Racing,5207-2RS
37975-90/37977-90,810-4169,Alto Clutches,95763
38010-41,820-54718,HardDrive,820-54718
38075-41,191-27791,Kibble White,20-0788
38075-41,191-27791,Kibble White,20-0788
38075-68,191-27790,Kibble White,20-0789
38599-80A,70-6004,Motion Pro,06-0004
38599-80A +4,70-6046,Motion Pro,06-0046
38599-83A,70-6005,Motion Pro,06-0005
38599-83A,70-6123,Motion Pro,06-0123
38599-83A,70-660072,Motion Pro,66-0072
38599-83A +6,70-660223,Motion Pro,66-0223
38601-87+8,70-6222,Motion Pro,06-0222
38601-89,70-6145,Motion Pro,06-0145
38601-89,70-660158,Motion Pro,66-0158
38601-89 +12,70-6251,Motion Pro,06-0251
38601-89 +12,70-660262,Motion Pro,66-0262
38601-89 +16,70-6293,Motion Pro,06-0293
38601-89 +6,70-6164,Motion Pro,06-0164
38601-89 +6,70-660170,Motion Pro,66-0170
38602-92,70-6164,Motion Pro,06-0164
38602-92,70-660170,Motion Pro,66-0170
38602-92 +2,70-6222,Motion Pro,06-0222
38602-92 +6,70-6251,Motion Pro,06-0251
38602-92 +6,70-660262,Motion Pro,66-0262
38605-86,70-6086,Motion Pro,06-0086
38605-86,70-660252,Motion Pro,66-0252
38606-87A,70-6146,Motion Pro,06-0146
38606-87A,70-660159,Motion Pro,66-0159
38606-87A +6,70-6165,Motion Pro,06-0165
38606-87A +6,70-660171,Motion Pro,66-0171
38607-87A,70-6145,Motion Pro,06-0145
38607-87A,70-660158,Motion Pro,66-0158
38607-87A +12,70-6251,Motion Pro,06-0251
38607-87A +12,70-660262,Motion Pro,66-0262
38607-87A +16,70-6293,Motion Pro,06-0293
38607-87A +6,70-6164,Motion Pro,06-0164
38607-87A +6,70-6222,Motion Pro,06-0222
38607-87A +6,70-660170,Motion Pro,66-0170
38618-52,70-6000,Motion Pro,06-0000
38618-52 +6,70-6064,Motion Pro,06-0064
38618-68A/B,70-6001,Motion Pro,06-0001
38618-68A/B,70-6120,Motion Pro,06-0120
38618-68A/B,70-660025,Motion Pro,66-0025
38618-68A/B +4,70-6044,Motion Pro,06-0044
38618-68A/B +4,70-6125,Motion Pro,06-0125
38618-68A/B+6,70-6063,Motion Pro,06-0063
38618-68A/B+6,70-6127,Motion Pro,06-0127
38618-68A/B+6,70-660026,Motion Pro,66-0026
38619-57A,70-6002,Motion Pro,06-0002
38619-57A +6,70-6067,Motion Pro,06-0067
38619-71B,70-6088,Motion Pro,06-0088
38619-71B,70-6107,Motion Pro,06-0107
38619-71B,70-660029,Motion Pro,66-0029
38619-71B +6,70-6126,Motion Pro,06-0126
38619-71B +6,70-6236,Motion Pro,06-0236
38619-84,70-6088,Motion Pro,06-0088
38619-84,70-6107,Motion Pro,06-0107
38619-84 +6,70-6236,Motion Pro,06-0236
38619-86A,70-6137,Motion Pro,06-0137
38619-86A,70-660155,Motion Pro,66-0155
38619-86A +6,70-6161,Motion Pro,06-0161
38619-86A +6,70-660167,Motion Pro,66-0167
38620-96,70-6286,Motion Pro,06-0286
38620-96,70-660287,Motion Pro,66-0287
38621-86A,70-6147,Motion Pro,06-0147
38621-86A,70-6203,Motion Pro,06-0203
38621-86A,70-660160,Motion Pro,66-0160
38626-77B,70-6106,Motion Pro,06-0106
38626-84,70-6106,Motion Pro,06-0106
38661-00,70-6164,Motion Pro,06-0164
38662-00,70-6286,Motion Pro,06-0286
38663-00,70-6137,Motion Pro,06-0137
38665-00,70-6327,Motion Pro,06-0327
38666-00,70-6329,Motion Pro,06-0329
38699-04,70-6369,Motion Pro,06-0369
38699-04,70-660369,Motion Pro,66-0369
40005-57A,821-1504,Diamond Chain,X-1211330-94
40007-36A,821-1500,Diamond Chain,X-549302-82-P
40015-00,811-11011,Carlisle,62-1959
40024-04,811-11013,Carlisle,62-1961
40036-06,820-51204,HardDrive,820-51204
40036-06,821-1503,Diamond Chain,X-549302-92-P
40037-07,820-51203,HardDrive,820-51203
40037-07,821-1502,Diamond Chain,X-549302-86-P
40037-79A,821-1501,Diamond Chain,X-549302-76-P
40147-04,820-51212,HardDrive,820-51212
40147-04,821-1505,Diamond Chain,X-1211330-96
40250-94,820-51194,HardDrive,820-51194
40266-85,820-52635,HardDrive,820-52635
40267-85,820-52612,HardDrive,820-52612
40269-85A,820-52629,HardDrive,820-52629
40275-70,820-52628,HardDrive,820-52628
40280-70,820-52626,HardDrive,820-52626
40282-70,820-52627,HardDrive,820-52627
40299-70,820-52615,HardDrive,820-52615
40299-83A,820-52616,HardDrive,820-52616
40308-94,820-52630,HardDrive,820-52630
40375-70,820-52632,HardDrive,820-52632
40384-83A,820-52613,HardDrive,820-52613
40384-91,820-52614,HardDrive,820-52614
4074 and 6724,830-1162,Colony,2573-4
40908-06,820-32002,HardDrive,820-32002
40925-00,820-32007,HardDrive,820-32007
40926-08,820-54130,HardDrive,820-54130
40927-08,820-54131,HardDrive,820-54131
40947-08A,820-54135,HardDrive,820-54135
41210-55,681-5026,James Gaskets,JGI-41210-55
41242-08,820-54136,HardDrive,820-54136
41350-08,820-54132,HardDrive,820-54132
41359-08,820-54137,HardDrive,820-54137
41694-08,820-54138,HardDrive,820-54138
41700263C,820-55017,HardDrive,820-55017
41731-82,820-0552,HardDrive,820-0552
41731-88,820-0553,HardDrive,820-0553
41791-79A,820-51838,HardDrive,820-51838
41791-79A,820-51840,HardDrive,820-51840
41797-00,820-51850,HardDrive,820-51850
41797-00,820-51853,HardDrive,820-51853
41804-84A,820-51827,HardDrive,820-51827
41854-08/42897-08,15-409H,EBC Brakes,FA409HH
42028-07,820-32012,HardDrive,820-32012
42028-07,820-32013,HardDrive,820-32013
42040-06,820-51263,HardDrive,820-51263
42117-08A,820-55013,HardDrive,820-55013
42298-08,15-458H,EBC Brakes,FA458HH
42301-87,830-1106,Colony,2638-8
42345-08,820-51282,HardDrive,820-51282
42382-87A,865-01251,Cycle Pro,18389
42521-04,820-51823,HardDrive,820-51823
42521-04,820-51824,HardDrive,820-51824
42521-07,820-51825,HardDrive,820-51825
42521-07,820-51826,HardDrive,820-51826
42712-04,820-2628,HardDrive,820-2628
42803-07,820-32010,HardDrive,820-32010
42809-07,820-32011,HardDrive,820-32011
42822-04,820-32017,HardDrive,820-32017
42823-04,820-51287,HardDrive,820-51287
42824-04,820-51288,HardDrive,820-51288
42831-04/A,15-381H,EBC Brakes,FA381HH
42832-04,820-51283,HardDrive,820-51283
42834-04,820-32015,HardDrive,820-32015
42836-04,15-387H,EBC Brakes,FA387HH
42837-04,820-51284,HardDrive,820-51284
42863-06,820-51289,HardDrive,820-51289
42932-08,820-52942,HardDrive,820-52942
43063-83/A/C,15-94H,EBC Brakes,FA94HH
43358-08,820-54133,HardDrive,820-54133
43522-08,820-54134,HardDrive,820-54134
43567-92,830-1116,Colony,9807-10
43567-92,830-1117,Colony,9818-5
43570-35,681-5200,James Gaskets,JGI-43570-35
43571-35,681-5201,James Gaskets,JGI-43571-35
43576-35,681-5202,James Gaskets,JGI-43576-35
43577-67,22-51366,All Balls Racing,25-1366
43840-01,820-55203,HardDrive,820-55203
43841-01,820-55205,HardDrive,820-55205
43857-00,820-55202,HardDrive,820-55202
43858-00,820-55200,HardDrive,820-55200
43859-00,820-55204,HardDrive,820-55204
43895-87,820-51354,HardDrive,820-51354
43895-87,820-51355,HardDrive,820-51355
43945-79,865-01208,Cycle Pro,19139M
43957-86/A/B/D,15-201H,EBC Brakes,FA201HH
43959-86,820-51281,HardDrive,820-51281
44007-80,865-01206,Cycle Pro,19137M
44016-00D/44441-00D,820-32006,HardDrive,820-32006
44017-00,820-32008,HardDrive,820-32008
44017-06,820-32003,HardDrive,820-32003
44023-00,820-32005,HardDrive,820-32005
44045-87,865-01205,Cycle Pro,19136M
44046-00,820-32004,HardDrive,820-32004
44046-08,820-32000,HardDrive,820-32000
44047-83,865-01202,Cycle Pro,19133M
44080-02,820-32009,HardDrive,820-32009
44082-00/00C,15-400H,EBC Brakes,FA400HH
44082-08,15-457H,EBC Brakes,FA457HH
44127-72A,865-01207,Cycle Pro,19138M
44136-84A,820-51836,HardDrive,820-51836
44136-84A,820-51841,HardDrive,820-51841
44151-77,865-01201,Cycle Pro,19132M
44152-77,865-01203,Cycle Pro,19134M
44156-00,820-51848,HardDrive,820-51848
44156-00,820-51849,HardDrive,820-51849
44156-00,820-51851,HardDrive,820-51851
44156-00,820-51852,HardDrive,820-51852
44208-82,865-01204,Cycle Pro,19135M
44209-82/A,15-78V,EBC Brakes,FA78V
"44209-87B/C, 44213-87",15-200H,EBC Brakes,FA200HH
44277-74,865-01200,Cycle Pro,19131M
44296-04,820-55206,HardDrive,820-55206
44296-04,820-55207,HardDrive,820-55207
44314-00,820-51290,HardDrive,820-51290
44315-00,865-01210,Cycle Pro,19143M
44328-00,865-01209,Cycle Pro,19140M
44337-00,820-51280,HardDrive,820-51280
44337-08,820-51286,HardDrive,820-51286
44351-00,820-51291,HardDrive,820-51291
44432-04,820-55201,HardDrive,820-55201
44553-06A,820-51262,HardDrive,820-51262
45006-87A,820-50606,HardDrive,820-50606
45006-96,820-50601,HardDrive,820-50601
45072-87,865-01250,Cycle Pro,18372
45072-96,865-01252,Cycle Pro,19255M
45072-96,820-50603,HardDrive,820-50603
45095-85,820-50865,HardDrive,820-50865
45125-52,681-5677,James Gaskets,JGI-46125-52
45359-00,681-4182,James Gaskets,JGI-45359-00
45378-87,681-4720,James Gaskets,JGI-45378-87
45387-83,681-5008,James Gaskets,JGI-45387-83
45400-75,681-5010,James Gaskets,JGI-45400-75
45401-87,681-4727,James Gaskets,JGI-45401-87
45403-75,681-5019,James Gaskets,JGI-45403-75
45404-75,820-50307,HardDrive,820-50307
45406-75,681-5020,James Gaskets,JGI-45406-75
45443-86,681-4726,James Gaskets,JGI-45443-86
45451-07,820-50303,HardDrive,820-50303
45465-99,681-4221,James Gaskets,JGI-45465-99
45583-83,681-4730,James Gaskets,JGI-45583-83
45670-80,830-1129,Colony,2058-1
45733-48,681-4723,James Gaskets,JGI-45733-48
45780-52,681-5683,James Gaskets,JGI-45780-52
45839-84,830-1164,Colony,2736-1
45841-84,830-1165,Colony,2737-1
45842-77A,681-4722,James Gaskets,JGI-45842-77-A
45843-77,681-5009,James Gaskets,JGI-45843-77
45844-77,681-5021,James Gaskets,JGI-45844-77
45845-77,681-4724,James Gaskets,JGI-45845-77
45846-84,681-4718,James Gaskets,JGI-45846-84
45850-48,681-5017,James Gaskets,JGI-45850-48
45852-48,681-5012,James Gaskets,JGI-45852-48
45865-84,681-4729,James Gaskets,JGI-45865-84
45875-84,681-4719,James Gaskets,JGI-45875-84
45905-87,681-4721,James Gaskets,JGI-45905-87
45908-80,681-5013,James Gaskets,JGI-45908-80
45927-73,681-5011,James Gaskets,JGI-45927-73
45964-86,820-52372,HardDrive,820-52372
45964-89,820-52373,HardDrive,820-52373
45968-59,681-5682,James Gaskets,JGI-45968-59
45975-71,681-5681,James Gaskets,JGI-45975-71
45982-73,681-5015,James Gaskets,JGI-45982-73
45983-73,820-50308,HardDrive,820-50308
45984-87,681-4725,James Gaskets,JGI-45984-87
45986-73,681-5018,James Gaskets,JGI-45986-73
45992-73,681-5016,James Gaskets,JGI-45992-73
45996-87,830-1199,Colony,9913-2
46001-54,820-50304,HardDrive,820-50304
46111-48,681-5022,James Gaskets,JGI-46111-48
46125-48,681-5023,James Gaskets,JGI-46125-48
46175-00,681-4339,James Gaskets,JGI-46175-00
46508-01,681-4334,James Gaskets,JGI-46508-01
46512-01,681-4337,James Gaskets,JGI-46512-01
46513-01,681-4340,James Gaskets,JGI-46513-01
46514-01,681-4338,James Gaskets,JGI-46514-01
46515-01,681-4335,James Gaskets,JGI-46515-01
46605-06,820-52309,HardDrive,820-52309
46615-06,681-4336,James Gaskets,JGI-46615-06
46617-06,820-52310,HardDrive,820-52310
46721-06,15-434H,EBC Brakes,FA434HH
47519-58,681-5025,James Gaskets,JGI-47519-58
47519-72,681-5680,James Gaskets,JGI-47519-72
47519-72,681-5679,James Gaskets,JGI-47519-72-2
47519-83A,681-4712,James Gaskets,JGI-47519-83-A
47519-83A,681-4713,James Gaskets,JGI-47519-83-A2
47519-83A,681-5685,James Gaskets,JGI-47519-83-DL
47577-00,820-52351,HardDrive,820-52351
48332-48B,830-1168,Colony,2799-1
48745-08,820-52313,HardDrive,820-52313
50100-70,681-4639,James Gaskets,JGI-50100-70
50599-89T,820-51101,HardDrive,820-51101
50621-79A,820-51100,HardDrive,820-51100
50631-04,820-51102,HardDrive,820-51102
50829-07A,820-55260,HardDrive,820-55260
50830-07A,820-55262,HardDrive,820-55262
51590-96,820-50879,HardDrive,820-50879
53437-79A,820-0389,HardDrive,820-0389
53437-79A,820-0390,HardDrive,820-0390
56237-99,70-6362,Motion Pro,06-0362
56237-99,70-660362,Motion Pro,66-0362
56237-99 +6,70-660371,Motion Pro,66-0371
56302-74,70-6055,Motion Pro,06-0055
56302-74 +4,70-6056,Motion Pro,06-0056
56305-88,70-6151,Motion Pro,06-0151
56305-88,70-660186,Motion Pro,66-0186
56305-88 +6,70-6178,Motion Pro,06-0178
56305-88 +6,70-660192,Motion Pro,66-0192
56305-90,70-6246,Motion Pro,06-0246
56305-90,70-660265,Motion Pro,66-0265
56305-96,70-62971,Motion Pro,06-0297
56305-96,70-660299,Motion Pro,66-0299
56306-88,70-6150,Motion Pro,06-0150
56306-88,70-660182,Motion Pro,66-0182
56306-88 +6,70-6175,Motion Pro,06-0175
56306-88 +6,70-660189,Motion Pro,66-0189
56306-90,70-6245,Motion Pro,06-0245
56306-90,70-660264,Motion Pro,66-0264
56306-96,70-62961,Motion Pro,06-0296
56306-96,70-660298,Motion Pro,66-0298
56308-86,70-6092,Motion Pro,06-0092
56308-88,70-6138,Motion Pro,06-0138
56308-88,70-660181,Motion Pro,66-0181
56308-96,70-6282,Motion Pro,06-0282
56308-96,70-660283,Motion Pro,66-0283
56309-86,70-6090,Motion Pro,06-0090
56309-88,70-6139,Motion Pro,06-0139
56309-88,70-660185,Motion Pro,66-0185
56309-96,70-6284,Motion Pro,06-0284
56313-76,70-6031,Motion Pro,06-0031
56313-76 +4,70-6033,Motion Pro,06-0033
56313-76 +6,70-6057,Motion Pro,06-0057
56314-78,70-6055,Motion Pro,06-0055
56314-78 +6,70-6056,Motion Pro,06-0056
56316-80,70-6097,Motion Pro,06-0097
56323-81C,70-6007,Motion Pro,06-0007
56323-81C,70-660068,Motion Pro,66-0068
56323-81C +6,70-6059,Motion Pro,06-0059
56323-81C +6,70-660069,Motion Pro,66-0069
56324-81A,70-6008,Motion Pro,06-0008
56324-81A,70-660070,Motion Pro,66-0070
56324-81A +6,70-6058,Motion Pro,06-0058
56324-81A +6,70-660071,Motion Pro,66-0071
56324-81A +8,70-6175,Motion Pro,06-0175
56327-81B,70-6060,Motion Pro,06-0060
56327-81B,70-660179,Motion Pro,66-0179
56327-81B +6,70-6173,Motion Pro,06-0173
56327-81B +6,70-660187,Motion Pro,66-0187
56327-90,70-6195,Motion Pro,06-0195
56327-90,70-660212,Motion Pro,66-0212
56327-90 +6,70-6211,Motion Pro,06-0211
56327-90 +6,70-660213,Motion Pro,66-0213
56327-96,70-6278,Motion Pro,06-0278
56327-96,70-660280,Motion Pro,66-0280
56328-81A,70-6061,Motion Pro,06-0061
56328-81A,70-660183,Motion Pro,66-0183
56328-81A +6,70-6176,Motion Pro,06-0176
56328-81A +6,70-660190,Motion Pro,66-0190
56328-90,70-6197,Motion Pro,06-0197
56328-90,70-660218,Motion Pro,66-0218
56328-90 +6,70-6217,Motion Pro,06-0217
56328-90 +6,70-660219,Motion Pro,66-0219
56328-96,70-6279,Motion Pro,06-0279
56328-96,70-660281,Motion Pro,66-0281
56331-81,70-6096,Motion Pro,06-0096
56332-81,70-6095,Motion Pro,06-0095
56333-83,70-6098,Motion Pro,06-0098
56336-83,70-6074,Motion Pro,06-0074
56336-83,70-660180,Motion Pro,66-0180
56336-83 +6,70-6174,Motion Pro,06-0174
56336-83 +6,70-660188,Motion Pro,66-0188
56337-83,70-6075,Motion Pro,06-0075
56337-83,70-660184,Motion Pro,66-0184
56337-83 +6,70-6177,Motion Pro,06-0177
56337-83 +6,70-660191,Motion Pro,66-0191
56342-88,70-6075,Motion Pro,06-0075
56342-88,70-660184,Motion Pro,66-0184
56342-88 +6,70-6177,Motion Pro,06-0177
56342-88 +6,70-660191,Motion Pro,66-0191
56342-90,70-6196,Motion Pro,06-0196
56342-90,70-660215,Motion Pro,66-0215
56342-90 +6,70-6214,Motion Pro,06-0214
56342-90 +6,70-660216,Motion Pro,66-0216
56342-96,70-6267,Motion Pro,06-0267
56342-96,70-660271,Motion Pro,66-0271
56342-96 +6,70-6269,Motion Pro,06-0269
56342-96 +6,70-660273,Motion Pro,66-0273
56343-88,70-6074,Motion Pro,06-0074
56343-88,70-660180,Motion Pro,66-0180
56343-88 +6,70-6174,Motion Pro,06-0174
56343-88 +6,70-660188,Motion Pro,66-0188
56343-90,70-6194,Motion Pro,06-0194
56343-90,70-660209,Motion Pro,66-0209
56343-90 +6,70-6208,Motion Pro,06-0208
56343-90 +6,70-660210,Motion Pro,66-0210
56343-96,70-6266,Motion Pro,06-0266
56343-96,70-660270,Motion Pro,66-0270
56343-96 +6,70-6268,Motion Pro,06-0268
56343-96 +6,70-660272,Motion Pro,66-0272
56355-92,70-6258,Motion Pro,06-0258
56355-92,70-660260,Motion Pro,66-0260
56355-96,70-6275,Motion Pro,06-0275
56355-96,70-660277,Motion Pro,66-0277
56356-92,70-6257,Motion Pro,06-0257
56356-92,70-660259,Motion Pro,66-0259
56356-96,70-62741,Motion Pro,06-0274
56356-96,70-660276,Motion Pro,66-0276
56357-02,70-660350,Motion Pro,66-0350
56357-02 +6,70-660370,Motion Pro,66-0370
56358-02,70-6364,Motion Pro,06-0364
56358-02,70-660364,Motion Pro,66-0364
56358-02 +6,70-660372,Motion Pro,66-0372
56358-96,70-6363,Motion Pro,06-0363
56368-96,70-660301,Motion Pro,66-0301
56375-94,70-6254,Motion Pro,06-0254
56375-94,70-660256,Motion Pro,66-0256
56376-02,70-6302,Motion Pro,06-0302
56376-02,70-660304,Motion Pro,66-0304
56376-94,70-6253,Motion Pro,06-0253
56376-94,70-660255,Motion Pro,66-0255
56379-96,70-660300,Motion Pro,66-0300
56381-96,70-6288,Motion Pro,06-0288
56381-96,70-660289,Motion Pro,66-0289
56382-96,70-6290,Motion Pro,06-0290
56382-96,70-660291,Motion Pro,66-0291
56389-74,70-6055,Motion Pro,06-0055
56389-74 +6,70-6056,Motion Pro,06-0056
56454-00,820-2608,HardDrive,820-2608
56466-86A,820-2603,HardDrive,820-2603
56481-03,820-2610,HardDrive,820-2610
56495-02,820-2609,HardDrive,820-2609
56502-74,70-6055,Motion Pro,06-0055
56502-74 +6,70-6056,Motion Pro,06-0056
56522-02 +6,70-660379,Motion Pro,66-0379
56523-02,70-6302,Motion Pro,06-0302
56523-02,70-660304,Motion Pro,66-0304
56525-02 +6,70-660376,Motion Pro,66-0376
56526-02 +6,70-660378,Motion Pro,66-0378
56802-06,820-2619,HardDrive,820-2619
57852-02A,820-55282,HardDrive,820-55282
58082-02A,820-55281,HardDrive,820-55281
58383-89,820-0388,HardDrive,820-0388
58384-89,820-0387,HardDrive,820-0387
58478-96B,820-52354,HardDrive,820-52354
58938-96C,820-52353,HardDrive,820-52353
59181-80,681-4706,James Gaskets,JGI-59181-80
59626-84,820-2675,HardDrive,820-2675
59672-09,820-0401,HardDrive,820-0401
59672-09,820-0402,HardDrive,820-0402
59672-99,820-0393,HardDrive,820-0393
59672-99,820-0394,HardDrive,820-0394
59683-03,820-0399,HardDrive,820-0399
59683-03,820-0400,HardDrive,820-0400
59995-55A,820-2676,HardDrive,820-2676
5R6A,274-0162,Accel,2410A
5R6A,274-0164,Accel,Y2410P
5R6A,4-4265,Autolite Sparkplugs,4265
5R6A,4-XS65,Autolite Sparkplugs,XS65
5R6A,2-BPR5ES-11,NGK Sparkplugs,7634
60161-06,820-2618,HardDrive,820-2618
60518-65,68-9717F,Cometic Gaskets,C9717F
60518-65,681-5031,James Gaskets,JGI-60518-65
60518-65,681-4954,James Gaskets,JGI-60518-65-DL
60538-81,681-4931,James Gaskets,JGI-60538-81-A
60538-81,681-4930,James Gaskets,JGI-60538-81-C
60538-81D,68-9607F1,Cometic Gaskets,C9607F1
60538-81D,68-9607F5,Cometic Gaskets,C9607F5
60539-89,681-4610,James Gaskets,JGI-60539-89-X
60539-89/60539-94,68-9309F5,Cometic Gaskets,C9309F5
60539-89/94,68-9309F1,Cometic Gaskets,C9309F1
60539-94,681-4265,James Gaskets,JGI-60539-94
60540-36,681-5175,James Gaskets,JGI-60540-36
60540-65,681-4934,James Gaskets,JGI-60540-65
60540-65,681-4933,James Gaskets,JGI-60540-65-A
60547-06,68-9145F1,Cometic Gaskets,C9145F1
60547-06,68-9145F5,Cometic Gaskets,C9145F5
60547-06,681-4263,James Gaskets,JGI-60547-06
60547-06,681-4262,James Gaskets,JGI-60547-06-F
60559-80,68-9330F,Cometic Gaskets,C9330F
60559-80,681-4707,James Gaskets,JGI-60559-80
60565-36,681-5176,James Gaskets,JGI-60565-36
60567-36,68-9326F,Cometic Gaskets,C9326F
60567-36,68-9326F1,Cometic Gaskets,C9326F1
60567-36,68-9326F5,Cometic Gaskets,C9326F5
60567-36,681-5177,James Gaskets,JGI-60567-36
60567-65,681-4937,James Gaskets,JGI-60567-65
60567-65,681-4614,James Gaskets,JGI-60567-65-B
60567-65,681-4936,James Gaskets,JGI-60567-65-C
60567-65C,68-9331F5,Cometic Gaskets,C9331F5
60567-90,681-4615,James Gaskets,JGI-60567-90
60567-90,681-4939,James Gaskets,JGI-60567-90-DL
60567-90,681-4613,James Gaskets,JGI-60567-90-F
60629-55,681-5179,James Gaskets,JGI-60629-55
60629-65,681-4943,James Gaskets,JGI-60629-65
60641-74,68-9525,Cometic Gaskets,C9525
60641-74,681-4946,James Gaskets,JGI-60641-74
60645-65,68-9702,Cometic Gaskets,C9702
60645-65,681-5032,James Gaskets,JGI-60645-65
60645-65,681-4955,James Gaskets,JGI-60645-65-X
60764-06,820-2631,HardDrive,820-2631
60782-06,820-2629,HardDrive,820-2629
61023-93,820-52213,HardDrive,820-52213
61109-85C,681-4595,James Gaskets,JGI-61109-85-C
61111-77,681-5004,James Gaskets,JGI-61111-77
61114-48,681-5005,James Gaskets,JGI-61114-48
61116-65,681-5003,James Gaskets,JGI-61116-65
61192-88,681-4596,James Gaskets,JGI-61192-88
61211-67,820-52206,HardDrive,820-52206
61213-83,820-52208,HardDrive,820-52208
61218-67A,820-52205,HardDrive,820-52205
61219-83,820-52207,HardDrive,820-52207
61326-95,681-4601,James Gaskets,JGI-61326-95
61348-96A,820-52214,HardDrive,820-52214
62085-40,681-5165,James Gaskets,JGI-62085-40
62-0938,811-11005,Carlisle,40023-86
62-0941,811-11004,Carlisle,40017-94
62-0941,811-11004,Carlisle,4WM-46241-00-00
62-0942,811-11006,Carlisle,40015-90
62-0943,811-11003,Carlisle,40012-90
62-0944,811-11009,Carlisle,40038-91
62-0945,811-11010,Carlisle,40022-91
62-0964,811-11007,Carlisle,40001-85
62-1172,811-11012,Carlisle,40307-00
62-1178,811-11008,Carlisle,40024-97
62125-55B,820-52253,HardDrive,820-52253
62172-02,681-4245,James Gaskets,JGI-62172-02
62172-75,681-4593,James Gaskets,JGI-62172-75
62270-32,681-5161,James Gaskets,JGI-62270-32
62360-50,681-5162,James Gaskets,JGI-62360-50
62423-90,68-9489,Cometic Gaskets,C9489F
62423-90A,681-4667,James Gaskets,JGI-62423-90
62432-93,68-9266F,Cometic Gaskets,C9266F
62432-93,681-4666,James Gaskets,JGI-62432-93
62563-65,820-2690,HardDrive,820-2690
62563-65,820-2691,HardDrive,820-2691
62595-82A,820-2643,HardDrive,820-2643
62617-52,681-5583,James Gaskets,JGI-62617-52
62628-36,681-5123,James Gaskets,JGI-62628-36
62628-52,681-5676,James Gaskets,JGI-62628-52
62628-66,681-4874,James Gaskets,JGI-62628-66
62635-79T,820-26351,HardDrive,820-26351
62636-96,820-2646,HardDrive,820-2646
62644-84T,820-2644,HardDrive,820-2644
62667-87T,820-2655,HardDrive,820-2655
62672-90,68-9485,Cometic Gaskets,C9485
62672-90,681-4518,James Gaskets,JGI-62672-90
62673-90,681-4519,James Gaskets,JGI-62673-90
62702-52,68-9403,Cometic Gaskets,C9403
62809-06,820-2636,HardDrive,820-2636
62845-00A,820-2635,HardDrive,820-2635
63525-92,681-4525,James Gaskets,JGI-63525-92
63528-92,68-10011,Cometic Gaskets,C10011
63528-92,681-4526,James Gaskets,JGI-63528-92
63529-50,681-5126,James Gaskets,JGI-63529-50
63529-57,68-9365,Cometic Gaskets,C9365
63529-57,681-4871,James Gaskets,JGI-63529-57
63731-99,550-0171,Hiflo Oil Filters,HF170B
63731-99,56-0171,K&N,KN-171B
63782-80T,550-0172C,Hiflo Oil Filters,HF172C
63782-80T,56-0172C,K&N,KN-172C
63793-01K,550-0174C,Hiflo Oil Filters,HF174C
63793-01K,56-0174C,K&N,KN-174C
63796-77,550-0170C,Hiflo Oil Filters,HF170C
63796-77,56-0170C,K&N,KN-170C
63798-99,550-0171C,Hiflo Oil Filters,HF171C
63798-99,56-0171C,K&N,KN-171C
63805-80A,550-0170,Hiflo Oil Filters,HF170B
63805-80A,56-0170,K&N,KN-170
63809-48,681-5125,James Gaskets,JGI-63809-48-DL
63813-90,550-0173C,Hiflo Oil Filters,HF173C
63813-90,56-0173C,K&N,KN-173C
63815-99,68-9679,Cometic Gaskets,C9679
63840-53,550-0178,Hiflo Oil Filters,HF178B
63848-48,681-5124,James Gaskets,JGI-63848-48
63858-49,68-9286,Cometic Gaskets,C9286
63858-49,681-4450,James Gaskets,JGI-63858-49
63859-95,681-4628,James Gaskets,JGI-63859-95
63859-95A,68-9942F1,Cometic Gaskets,C9942F1
63859-95A,68-9942F5,Cometic Gaskets,C9942F5
63869-06,681-4272,James Gaskets,JGI-63869-06
63879-53,681-4875,James Gaskets,JGI-63879-53
65324-83,68-9719,Cometic Gaskets,C9719
65324-83A,68-9288,Cometic Gaskets,C9288
65324-83A,681-4227,James Gaskets,JGI-65324-83
65324-83A,681-4226,James Gaskets,JGI-65324-83-A
65324-83A,681-4228,James Gaskets,JGI-65324-83-CG
65324-83X,68-9247,Cometic Gaskets,C9247
65325-83A,681-4225,James Gaskets,JGI-65325-83-A
65721-85,681-4575,James Gaskets,JGI-65721-85
65724-85,820-2641,HardDrive,820-2641
65781-82,681-4574,James Gaskets,JGI-65781-82
65826-90,681-4573,James Gaskets,JGI-65826-90
65834-68A,681-4900,James Gaskets,JGI-65834-68-SC
65834-68X,68-9587,Cometic Gaskets,C9587
66210-85B,820-2720,HardDrive,820-2720
66210-97,820-2721,HardDrive,820-2721
67024-84A,70-6011,Motion Pro,06-0011
67024-84A,70-660129,Motion Pro,66-0129
67026-37,70-6152,Motion Pro,06-0152
67026-62,70-6012,Motion Pro,06-0012
67026-81,70-6013,Motion Pro,06-0013
67026-81,70-660131,Motion Pro,66-0131
67027-96A,820-2639,HardDrive,820-2639
67033-99,820-2640,HardDrive,820-2640
67038-84,70-6011,Motion Pro,06-0011
67038-84,70-660129,Motion Pro,66-0129
67051-73,70-6010,Motion Pro,06-0010
67051-73,70-660128,Motion Pro,66-0128
67051-74,70-6011,Motion Pro,06-0011
67051-74,70-660129,Motion Pro,66-0129
67052-78A,70-6010,Motion Pro,06-0010
67052-78A,70-660128,Motion Pro,66-0128
67052-78B,70-6050,Motion Pro,06-0050
67052-78B,70-660132,Motion Pro,66-0132
67054-83A/B,70-6116,Motion Pro,06-0116
67054-83A/B,70-660135,Motion Pro,66-0135
67060-79A,70-6109,Motion Pro,06-0109
67060-79A,70-660133,Motion Pro,66-0133
67060-87A,70-6011,Motion Pro,06-0011
67060-87A,70-660129,Motion Pro,66-0129
67063-89,70-6250,Motion Pro,06-0250
67063-89,70-660263,Motion Pro,66-0263
67072-79,70-6011,Motion Pro,06-0011
67072-79,70-660129,Motion Pro,66-0129
67072-87A,70-6013,Motion Pro,06-0013
67072-87A,70-6013,Motion Pro,06-0013
67096-87,681-4715,James Gaskets,JGI-67096-87
67098-87,681-4716,James Gaskets,JGI-67098-87
67118-87,681-4717,James Gaskets,JGI-67118-87
67141-36,68-9512F,Cometic Gaskets,C9512F
67141-36,681-4973,James Gaskets,JGI-67141-36
6762B,681-4473,James Gaskets,JGI-6762-B
67879-94 / 67880-94,850-08622,Namz,NSTPB-01
67880-94,850-08623,Namz,NTRB-B01
68020-92A,820-52854,HardDrive,820-52854
68021-92A,820-52853,HardDrive,820-52853
68022-92A,820-52851,HardDrive,820-52851
68023-92A,820-52852,HardDrive,820-52852
68024-92A,820-52850,HardDrive,820-52850
68026-73,820-0382,HardDrive,820-0382
68027-90,820-0381,HardDrive,820-0381
68027-90,681-4702,James Gaskets,JGI-68027-90
68033-90,820-0380,HardDrive,820-0380
68121-55,681-5027,James Gaskets,JGI-68121-55
68122-55,681-5028,James Gaskets,JGI-68122-55
68123-55,681-5029,James Gaskets,JGI-68123-55
68123-73,820-0383,HardDrive,820-0383
68123-73,681-4701,James Gaskets,JGI-68123-73
68425-86,681-4703,James Gaskets,JGI-68425-86
68451-86,681-4704,James Gaskets,JGI-68451-86
68455-86,681-4705,James Gaskets,JGI-68455-86
68481-73,681-5678,James Gaskets,JGI-68481-73
68520-63,681-5030,James Gaskets,JGI-68520-63
68706-00,820-0395,HardDrive,820-0395
68706-00,820-0398,HardDrive,820-0398
68712-94A,820-55280,HardDrive,820-55280
69012-93A,820-2683,HardDrive,820-2683
69024-77,820-2678,HardDrive,820-2678
69120-91,820-2684,HardDrive,820-2684
69123-92,820-52500,HardDrive,820-52500
69278-06,820-52356,HardDrive,820-52356
6R12,274-0163,Accel,2418
6R12,274-0165,Accel,Y2418P
6R12,4-4164,Autolite Sparkplugs,4164
6R12,4-XS4164,Autolite Sparkplugs,XS4164
6R12,2-DCPR7E,NGK Sparkplugs,3932
6R12,2-DCPR7EIX,NGK Sparkplugs,6046
70153-99,850-08775,Namz,NHD-70153-99
70160-06,850-08779,Namz,NHD-70160-06
70160-11,850-08780,Namz,NHD-70160-11
70287-81A,850-08149,Namz,NA-1-480283-0
70288-81,850-08157,Namz,NA-1-480345-0
70291-89,850-08155,Namz,NA-1-480426-0
70292-89,850-08147,Namz,NA-1-480424-0
70293-87A,850-08150,Namz,NA-1-480285-0
70305-90,850-08158,Namz,NA-1-480339-0
71313-96A,820-50850,HardDrive,820-50850
71313-96A,820-50851,HardDrive,820-50851
71419-11,820-50856,HardDrive,820-50856
71419-11,820-50857,HardDrive,820-50857
71469-69,279-2108,All Balls Racing,79-2108
71483-72,820-50824,HardDrive,820-50824
71507-65,275-01080,SMP,MCNSS1
71507-71,275-01082,SMP,MCNSS3
71517-11,820-50854,HardDrive,820-50854
71517-11,820-50855,HardDrive,820-50855
71534-72,820-50819,HardDrive,820-50819
71535-72,820-50825,HardDrive,820-50825
71546-75A,820-50816,HardDrive,820-50816
71547-75A,820-50823,HardDrive,820-50823
71584-96A,820-50880,HardDrive,820-50880
71589-92,820-50828,HardDrive,820-50828
71589-92CP,820-50833,HardDrive,820-50833
71589-96,820-50878,HardDrive,820-50878
71589-96,820-50884,HardDrive,820-50884
71590-92,820-50830,HardDrive,820-50830
71590-96,820-50837,HardDrive,820-50837
71591-92,820-50829,HardDrive,820-50829
71591-92CP,820-50834,HardDrive,820-50834
71591-96,820-50875,HardDrive,820-50875
71591-96,820-50881,HardDrive,820-50881
71597-92,820-50826,HardDrive,820-50826
71597-92CP,820-50831,HardDrive,820-50831
71597-96,820-50877,HardDrive,820-50877
71597-96,820-50883,HardDrive,820-50883
71598-96,820-50876,HardDrive,820-50876
71598-96,820-50882,HardDrive,820-50882
71599-92,820-50827,HardDrive,820-50827
71599-92CP,820-50832,HardDrive,820-50832
71800-26A,820-50814,HardDrive,820-50814
72001-69B,820-50820,HardDrive,820-50820
72007-05,850-08161,Namz,NA-282080-1
72012-07,850-08162,Namz,NA-282089-1
72023-51A,275-01050,SMP,MCSLS2
72023-51E,275-01051,SMP,MCSLS4
72034-71,850-08145,Namz,NA-1-480318-0
72035-71,850-08153,Namz,NA-1-480319-0
72036-71,850-08146,Namz,NA-1-480303-0
72037-71,850-08148,Namz,NA-1-480270-0
72038-71A,850-08143,Namz,NA-61314-1
72039-71A,850-08142,Namz,NA-61116-1
72040-71,850-08154,Namz,NA-1-480305-0
72041-71,850-08156,Namz,NA-1-480340-0
72043-71A,850-08152,Namz,NA-1-480350-0
72044-71A,850-08144,Namz,NA-1-480349-0
72062-06,850-08175,Namz,ND-15336027-B
72064-06,850-08176,Namz,ND-15336029-B
72065-06A,850-08174,Namz,ND-13532244
72066-06A,850-08177,Namz,ND-15354716-B
72078-00,850-08188,Namz,NHD-72078-00
72098-06,850-08179,Namz,ND-15419715
72100-04,850-08486,Namz,ND-MBP
72102-94BK,850-08005,Namz,DR-2B
72103-94BK,850-08007,Namz,DR-3B
72104-94BK,850-08009,Namz,DR-4B
72106-94BK,850-08011,Namz,DR-6B
72108-94BK,850-08013,Namz,DR-8B
72109-94BK,850-08015,Namz,DR-12B
72112-94BK,850-08017,Namz,DP-2B
72113-94BK,850-08019,Namz,DP-3B
72114-94BK,850-08021,Namz,DP-4B
72116-94BK,850-08023,Namz,DP-6B
72118-94BK,850-08025,Namz,DP-8B
72119-94BK,850-08027,Namz,DP-12B
72122-94GY,850-08006,Namz,DR-2G
72123-94GY,850-08008,Namz,DR-3G
72124-94GY,850-08010,Namz,DR-4G
72126-94GY,850-08012,Namz,DR-6G
72128-94GY,850-08014,Namz,DR-8G
72129-94GY,850-08016,Namz,DR-12G
72132-94GY,850-08018,Namz,DP-2G
72133-94GY,850-08020,Namz,DP-3G
72134-94GY,850-08022,Namz,DP-4G
72136-94GY,850-08024,Namz,DP-6G
72138-94GY,850-08026,Namz,DP-8G
72139-94GY,850-08028,Namz,DP-12G
72166-07BK,850-08316,Namz,NM-33472-1601
72167-07BK,850-08331,Namz,NM-33482-1601
72169-07,850-08300,Namz,NM-33000-1002
72172-94,850-08029,Namz,DP-2S
72173-94,850-08030,Namz,DP-3S
72174-94,850-08031,Namz,DP-4S
72175-07BK,850-08324,Namz,NM-33482-4001
72176-94,850-08032,Namz,DP-6S
72177-07BK,850-08308,Namz,NM-33472-4001
72178-94,850-08033,Namz,DP-8S
72179-94,850-08034,Namz,DP-12S
72180-94(ML) 72181-94(FEM),850-08057,Namz,HDD-XL-KIT
72188-07BK,850-08326,Namz,NM-33482-3601
72190-94,850-08000,Namz,STAMP-PINS
72191-94,850-08001,Namz,STAMP-SOCKETS
72192-98 & 98R,850-08002,Namz,SOLID-PINS
72193-98,850-08003,Namz,SOLID-SOCKETS
72195-94,850-08035,Namz,DT-HP
72230-98,850-08169,Namz,ND-12129946-B
72244-95,850-08167,Namz,ND-12129142-B
72247-95,850-08173,Namz,ND-12162215-B
72260-04,850-08487,Namz,ND-FBP
72263-95,850-08171,Namz,ND-12162191-B
72273-95,850-08172,Namz,ND-12162193-B
72276-74,850-08159,Namz,NA-1-480288-0
72278-74,850-08151,Namz,NA-1-480287-0
72280-95,850-08170,Namz,ND-12162182-B
72290-94,850-08483,Namz,NHD-72290-94
72294-94,850-08482,Namz,NHD-72294-94
72295-94,850-08488,Namz,NH-CN-1BSL
72300-89,850-08414,Namz,NF-ATO-1
72301-89,850-08415,Namz,NF-ATO-3
72302-89,850-08416,Namz,NF-ATO-5
72314-01,850-08423,Namz,NF-MAX-40
72330-95,850-08429,Namz,NF-MIN-15
72331-95,850-08427,Namz,NF-MIN-5
72340-94,850-08417,Namz,NF-ATO-10
72345-02,850-08430,Namz,NF-MIN-20
72347-94,850-08418,Namz,NF-ATO-15
72350-11,850-08168,Namz,ND-12129387
72381-98,850-08194,Namz,NA-770854-1
72382-98BK,850-08193,Namz,NA-770680-1
72384-06BK,850-08195,Namz,NA-776164-1
72414-07BK,850-08311,Namz,NM-33472-0601
72415-07GY,850-08325,Namz,NM-33482-4002
72435-00,850-08053,Namz,DTFPH-01
72444-07GY,850-08309,Namz,NM-33472-4002
72447-07GY,850-08328,Namz,NM-33482-0802
72449-01,850-08163,Namz,NA-1-1355668-2
72450-01,850-08164,Namz,NA-2-1355668-2
72469-07GY,850-08313,Namz,NM-33472-0802
72473-07,850-08333,Namz,NM-34345-0001
72478-07BK,850-08327,Namz,NM-33482-0801
72479-07BK,850-08312,Namz,NM-33472-0801
72483-08BK,850-08310,Namz,NM-33471-0601
72487-07BK,850-08314,Namz,NM-33472-1201
72488-07BK,850-08329,Namz,NM-33482-1201
72489-07GY,850-08315,Namz,NM-33472-1202
72490-07GY,850-08330,Namz,NM-33482-1202
72491-07GY,850-08317,Namz,NM-33472-1602
72492-07GY,850-08332,Namz,NM-33482-1602
72500-07BK,850-08318,Namz,NM-33472-2001
72511-07BK,850-08320,Namz,NM-33481-0301
72512-07BK,850-08304,Namz,NM-33471-0301
72513-07GY,850-08321,Namz,NM-33481-0302
72514-07GY,850-08305,Namz,NM-33471-0302
72534-07GN,850-08323,Namz,NM-33481-0304
72540-07GN,850-08307,Namz,NM-33471-0304
72541-07BN,850-08322,Namz,NM-33481-0303
72542-07BN,850-08306,Namz,NM-33471-0303
72664-12,850-08160,Namz,NA-1-488533-6
72720-07,850-08334,Namz,NM-31403-2100
72902-01BK,850-08120,Namz,NA-174057-2
72904-01BK,850-08122,Namz,NA-174967-2
72905-11,850-08602,Namz,NJ-2P51
72906-11,850-08603,Namz,NJ-2S51
72907-11,850-08604,Namz,NJ-4P51
72908-11,850-08606,Namz,NJ-4S51
72909-11,850-08600,Namz,NJ-19P
72910-11 & 69200308,850-08601,Namz,NJ-19S
72912-01BK,850-08119,Namz,NA-174056-2
72914-01BK,850-08121,Namz,NA-174966-2
72990-01,850-08118,Namz,NA-175063-1
72991-01,850-08117,Namz,NA-175062-1
73102-96BK,850-08102,Namz,NA-174460-2
73103-96BK,850-08103,Namz,NA-174928-2
73104-96BK,850-08104,Namz,NA-174929-2
73106-96BK,850-08105,Namz,NA-174930-2
73108-96BK,850-08106,Namz,NA-174931-2
73110-96BK,850-08107,Namz,NA-174932-2
73112-96BK,850-08108,Namz,NA-174933-2
73152-96BK,850-08109,Namz,NA-174463-2
73153-96BK,850-08110,Namz,NA-174921-2
73154-96BK,850-08111,Namz,NA-174922-2
73156-96BK,850-08112,Namz,NA-174923-2
73158-96BK,850-08113,Namz,NA-173850-2
73160-96BK,850-08114,Namz,NA-174465-2
73164-96BK,850-08115,Namz,NA-173851-2
73190-96,850-08101,Namz,NA-173645-1
73191-96,850-08100,Namz,NA-173631-1
74102-98BK,850-08040,Namz,MDR-2B
74103-98BK,850-08041,Namz,MDR-3B
74104-98BK,850-08042,Namz,MDR-4B
74106-98BK,850-08043,Namz,MDR-6B
74108-98BK,850-08044,Namz,MDR-8B
74109-98BK,850-08045,Namz,MDR-12B
74112-98BK,850-08046,Namz,MDP-2B
74113-98BK,850-08047,Namz,MDP-3B
74114-98BK,850-08048,Namz,MDP-4B
74116-98BK,850-08049,Namz,MDP-6B
74118-98BK,850-08050,Namz,MDP-8B
74119-98BK,850-08051,Namz,MDP-12B
74190-98,850-08038,Namz,MDR-PINS
74191-98,850-08039,Namz,MDP-SOCKETS
74195-98,850-08052,Namz,DTM-HP
74420-94,820-52359,HardDrive,820-52359
74430-00,820-52360,HardDrive,820-52360
74437-96,820-52358,HardDrive,820-52358
74504-78,820-60148,HardDrive,820-60148
74504-78,820-60149,HardDrive,820-60149
74504-82,820-60146,HardDrive,820-60146
74504-82,820-60147,HardDrive,820-60147
74505-02,273-1218,Cycle Electric,CE-445-02
74505-02,820-60104,HardDrive,820-60104
74505-02,820-60105,HardDrive,820-60105
74505-04,273-1219,Cycle Electric,CE-445-04
74505-04,820-60102,HardDrive,820-60102
74505-04,820-60103,HardDrive,820-60103
74505-06,273-1230,Cycle Electric,CE-606
74505-06,820-60100,HardDrive,820-60100
74505-06,820-60101,HardDrive,820-60101
74505-09,820-60155,HardDrive,820-60155
74505-09,820-60156,HardDrive,820-60156
74505-95,273-1217,Cycle Electric,CE-445
74505-97,273-1220,Cycle Electric,CE-445-97
74505-97,820-60106,HardDrive,820-60106
74505-97,820-60107,HardDrive,820-60107
74507-85,820-60150,HardDrive,820-60150
74507-85,820-60151,HardDrive,820-60151
74508-85,820-60152,HardDrive,820-60152
74508-85,820-60153,HardDrive,820-60153
74510-70A,820-60130,HardDrive,820-60130
74510-70A,820-60131,HardDrive,820-60131
74510-75A,820-60128,HardDrive,820-60128
74510-75A,820-60129,HardDrive,820-60129
74512-00,273-1216,Cycle Electric,CE-325L
74512-00,820-60114,HardDrive,820-60114
74512-00,820-60115,HardDrive,820-60115
74512-79A,273-1201,Cycle Electric,CE-203
74516-86,273-1202,Cycle Electric,CE-204
74516-86,820-60126,HardDrive,820-60126
74516-86,820-60127,HardDrive,820-60127
74518-99A,273-1215,Cycle Electric,CE-324
74518-99A,820-60122,HardDrive,820-60122
74518-99A,820-60123,HardDrive,820-60123
74519-88,273-1212,Cycle Electric,CE-320
74519-88,273-1212,Cycle Electric,CE-320
74519-88,820-60124,HardDrive,820-60124
74519-88,820-60125,HardDrive,820-60125
74523-04,273-1210,Cycle Electric,CE-210
74523-04,820-60136,HardDrive,820-60136
74523-04,820-60137,HardDrive,820-60137
74523-84A,273-1206,Cycle Electric,CE-205
74523-84A,820-60144,HardDrive,820-60144
74523-84A,820-60145,HardDrive,820-60145
74523-91,273-1207,Cycle Electric,CE-206
74523-91,820-60142,HardDrive,820-60142
74523-91,820-60143,HardDrive,820-60143
74523-92,820-60140,HardDrive,820-60140
74523-92,820-60141,HardDrive,820-60141
74523-92A,273-1208,Cycle Electric,CE-207
74523-94,820-60138,HardDrive,820-60138
74523-94,820-60139,HardDrive,820-60139
74523-94A,273-1209,Cycle Electric,CE-208
74540-01,273-1221,Cycle Electric,CE-601
74540-07,273-1222,Cycle Electric,CE-601-07
74540-07,820-60110,HardDrive,820-60110
74540-07,820-60111,HardDrive,820-60111
74540-08,273-1223,Cycle Electric,CE-601-08
74540-08,820-60108,HardDrive,820-60108
74540-08,820-60109,HardDrive,820-60109
74546-07,820-60134,HardDrive,820-60134
74546-07,820-60135,HardDrive,820-60135
74564-07,273-1211,Cycle Electric,CE-211
74586-94,850-08435,Namz,NCB-MR10
74587-94,850-08436,Namz,NCB-MR15
74588-94,850-08437,Namz,NCB-MR20
74589-73,850-08439,Namz,NCB-1501
74590-93,850-08438,Namz,NCB-1001
74599-77B,850-08440,Namz,NCB-3001
74610-01,820-60112,HardDrive,820-60112
74610-01,820-60113,HardDrive,820-60113
74631-04,273-1224,Cycle Electric,CE-602
74631-04,820-60120,HardDrive,820-60120
74631-04,820-60121,HardDrive,820-60121
74631-06,273-1225,Cycle Electric,CE-602-06
74631-06,820-60118,HardDrive,820-60118
74631-06,820-60119,HardDrive,820-60119
74631-08,273-1226,Cycle Electric,CE-602-08
74631-08,820-60116,HardDrive,820-60116
74631-08,820-60117,HardDrive,820-60117
74662-04,820-2637,HardDrive,820-2637
74711-08,820-60132,HardDrive,820-60132
74711-08,820-60133,HardDrive,820-60133
786A,681-4274,James Gaskets,JGI-31434-06
83162-51,681-4548,James Gaskets,JGI-83162-51
83162-51,681-4549,James Gaskets,JGI-83162-51-DL
83162-51DL,68-9350,Cometic Gaskets,C9350
83911-09B,15-605/4H,EBC Brakes,FA605/4HH
90-4111,68-9155,Cometic Gaskets,C9155
91668-05,820-55250,HardDrive,820-55250
91800058-B,68-10205,Cometic Gaskets,C10205
91800058-O,68-10206,Cometic Gaskets,C10206
91800058-X,68-10200,Cometic Gaskets,C10200
91843-97,850-08789,Namz,NOB-PP01
91930-92T,820-55574,HardDrive,820-55574
91930-92T,820-55575,HardDrive,820-55575
91931-92T,820-55572,HardDrive,820-55572
91931-92T,820-55573,HardDrive,820-55573
93-1033,68-10009,Cometic Gaskets,C10009
9937 & 72046-79,850-08625,Namz,NSRS-K01
Bearing:9008/9009 Seal:41210-55,22-51369,All Balls Racing,25-1369
Bearing:9052 Seal:47519-72,22-51001,All Balls Racing,25-1001
Bearing:9052 Seal:47519-83A,22-51002,All Balls Racing,25-1002
